fixed acidity,volatile acidity,citric acid,residual sugar,chlorides,free sulfur dioxide,total sulfur dioxide,density,pH,sulphates,alcohol,Id,quality
7.4,0.7,0,1.9,0.076,11,34,0.9978,3.51,0.56,9.4,0,Average
7.8,0.88,0,2.6,0.098,25,67,0.9968,3.2,0.68,9.8,1,Average
7.8,0.76,0.04,2.3,0.092,15,54,0.997,3.26,0.65,9.8,2,Average
11.2,0.28,0.56,1.9,0.075,17,60,0.998,3.16,0.58,9.8,3,Good
7.4,0.7,0,1.9,0.076,11,34,0.9978,3.51,0.56,9.4,4,Average
7.4,0.66,0,1.8,0.075,13,40,0.9978,3.51,0.56,9.4,5,Average
7.9,0.6,0.06,1.6,0.069,15,59,0.9964,3.3,0.46,9.4,6,Average
7.3,0.65,0,1.2,0.065,15,21,0.9946,3.39,0.47,10,7,Very God
7.8,0.58,0.02,2,0.073,9,18,0.9968,3.36,0.57,9.5,8,Very God
6.7,0.58,0.08,1.8,0.097,15,65,0.9959,3.28,0.54,9.2,10,Average
5.6,0.615,0,1.6,0.089,16,59,0.9943,3.58,0.52,9.9,12,Average
7.8,0.61,0.29,1.6,0.114,9,29,0.9974,3.26,1.56,9.1,13,Average
8.5,0.28,0.56,1.8,0.092,35,103,0.9969,3.3,0.75,10.5,16,Very God
7.9,0.32,0.51,1.8,0.341,17,56,0.9969,3.04,1.08,9.2,19,Good
7.6,0.39,0.31,2.3,0.082,23,71,0.9982,3.52,0.65,9.7,21,Average
7.9,0.43,0.21,1.6,0.106,10,37,0.9966,3.17,0.91,9.5,22,Average
8.5,0.49,0.11,2.3,0.084,9,67,0.9968,3.17,0.53,9.4,23,Average
6.9,0.4,0.14,2.4,0.085,21,40,0.9968,3.43,0.63,9.7,24,Good
6.3,0.39,0.16,1.4,0.08,11,23,0.9955,3.34,0.56,9.3,25,Average
7.6,0.41,0.24,1.8,0.08,4,11,0.9962,3.28,0.59,9.5,26,Average
7.1,0.71,0,1.9,0.08,14,35,0.9972,3.47,0.55,9.4,28,Average
7.8,0.645,0,2,0.082,8,16,0.9964,3.38,0.59,9.8,29,Good
6.7,0.675,0.07,2.4,0.089,17,82,0.9958,3.35,0.54,10.1,30,Average
8.3,0.655,0.12,2.3,0.083,15,113,0.9966,3.17,0.66,9.8,32,Average
5.2,0.32,0.25,1.8,0.103,13,50,0.9957,3.38,0.55,9.2,34,Average
7.8,0.645,0,5.5,0.086,5,18,0.9986,3.4,0.55,9.6,35,Good
7.8,0.6,0.14,2.4,0.086,3,15,0.9975,3.42,0.6,10.8,36,Good
8.1,0.38,0.28,2.1,0.066,13,30,0.9968,3.23,0.73,9.7,37,Very God
7.3,0.45,0.36,5.9,0.074,12,87,0.9978,3.33,0.83,10.5,40,Average
8.8,0.61,0.3,2.8,0.088,17,46,0.9976,3.26,0.51,9.3,41,Poor
7.5,0.49,0.2,2.6,0.332,8,14,0.9968,3.21,0.9,10.5,42,Good
8.1,0.66,0.22,2.2,0.069,9,23,0.9968,3.3,1.2,10.3,43,Average
4.6,0.52,0.15,2.1,0.054,8,65,0.9934,3.9,0.56,13.1,45,Poor
7.7,0.935,0.43,2.2,0.114,22,114,0.997,3.25,0.73,9.2,46,Average
8.8,0.66,0.26,1.7,0.074,4,23,0.9971,3.15,0.74,9.2,50,Average
6.6,0.52,0.04,2.2,0.069,8,15,0.9956,3.4,0.63,9.4,51,Good
6.6,0.5,0.04,2.1,0.068,6,14,0.9955,3.39,0.64,9.4,52,Good
8.6,0.38,0.36,3,0.081,30,119,0.997,3.2,0.56,9.4,53,Average
7.6,0.51,0.15,2.8,0.11,33,73,0.9955,3.17,0.63,10.2,54,Good
10.2,0.42,0.57,3.4,0.07,4,10,0.9971,3.04,0.63,9.6,56,Average
7.8,0.59,0.18,2.3,0.076,17,54,0.9975,3.43,0.59,10,58,Average
7.3,0.39,0.31,2.4,0.074,9,46,0.9962,3.41,0.54,9.4,59,Good
8.8,0.4,0.4,2.2,0.079,19,52,0.998,3.44,0.64,9.2,60,Average
7.7,0.69,0.49,1.8,0.115,20,112,0.9968,3.21,0.71,9.3,61,Average
7,0.735,0.05,2,0.081,13,54,0.9966,3.39,0.57,9.8,63,Average
7.2,0.725,0.05,4.65,0.086,4,11,0.9962,3.41,0.39,10.9,64,Average
7.2,0.725,0.05,4.65,0.086,4,11,0.9962,3.41,0.39,10.9,65,Average
6.6,0.705,0.07,1.6,0.076,6,15,0.9962,3.44,0.58,10.7,67,Average
8,0.705,0.05,1.9,0.074,8,19,0.9962,3.34,0.95,10.5,69,Good
7.7,0.69,0.22,1.9,0.084,18,94,0.9961,3.31,0.48,9.5,72,Average
8.3,0.675,0.26,2.1,0.084,11,43,0.9976,3.31,0.53,9.2,73,Poor
8.8,0.41,0.64,2.2,0.093,9,42,0.9986,3.54,0.66,10.5,76,Average
6.8,0.785,0,2.4,0.104,14,30,0.9966,3.52,0.55,10.7,77,Good
6.7,0.75,0.12,2,0.086,12,80,0.9958,3.38,0.52,10.1,78,Average
8.3,0.625,0.2,1.5,0.08,27,119,0.9972,3.16,1.12,9.1,79,Poor
6.2,0.45,0.2,1.6,0.069,3,15,0.9958,3.41,0.56,9.2,80,Average
7.4,0.5,0.47,2,0.086,21,73,0.997,3.36,0.57,9.1,82,Average
6.3,0.3,0.48,1.8,0.069,18,61,0.9959,3.44,0.78,10.3,84,Good
6.9,0.55,0.15,2.2,0.076,19,40,0.9961,3.41,0.59,10.1,85,Average
8.6,0.49,0.28,1.9,0.11,20,136,0.9972,2.93,1.95,9.9,86,Good
7.7,0.49,0.26,1.9,0.062,9,31,0.9966,3.39,0.64,9.6,87,Average
9.3,0.39,0.44,2.1,0.107,34,125,0.9978,3.14,1.22,9.5,88,Average
7,0.62,0.08,1.8,0.076,8,24,0.9978,3.48,0.53,9,89,Average
7.9,0.52,0.26,1.9,0.079,42,140,0.9964,3.23,0.54,9.5,90,Average
8.6,0.49,0.28,1.9,0.11,20,136,0.9972,2.93,1.95,9.9,91,Good
7.7,0.49,0.26,1.9,0.062,9,31,0.9966,3.39,0.64,9.6,93,Average
5,1.02,0.04,1.4,0.045,41,85,0.9938,3.75,0.48,10.5,94,Poor
6.8,0.775,0,3,0.102,8,23,0.9965,3.45,0.56,10.7,96,Average
7.6,0.9,0.06,2.5,0.079,5,10,0.9967,3.39,0.56,9.8,98,Average
8.1,0.545,0.18,1.9,0.08,13,35,0.9972,3.3,0.59,9,99,Good
8.3,0.61,0.3,2.1,0.084,11,50,0.9972,3.4,0.61,10.2,100,Good
8.1,0.545,0.18,1.9,0.08,13,35,0.9972,3.3,0.59,9,102,Good
8.1,0.575,0.22,2.1,0.077,12,65,0.9967,3.29,0.51,9.2,103,Average
7.2,0.49,0.24,2.2,0.07,5,36,0.996,3.33,0.48,9.4,104,Average
8.1,0.575,0.22,2.1,0.077,12,65,0.9967,3.29,0.51,9.2,105,Average
7.8,0.41,0.68,1.7,0.467,18,69,0.9973,3.08,1.31,9.3,106,Average
6.2,0.63,0.31,1.7,0.088,15,64,0.9969,3.46,0.79,9.3,107,Average
7.8,0.56,0.19,1.8,0.104,12,47,0.9964,3.19,0.93,9.5,110,Average
8.4,0.62,0.09,2.2,0.084,11,108,0.9964,3.15,0.66,9.8,111,Average
10.1,0.31,0.44,2.3,0.08,22,46,0.9988,3.32,0.67,9.7,113,Good
7.8,0.56,0.19,1.8,0.104,12,47,0.9964,3.19,0.93,9.5,114,Average
9.4,0.4,0.31,2.2,0.09,13,62,0.9966,3.07,0.63,10.5,115,Good
8.3,0.54,0.28,1.9,0.077,11,40,0.9978,3.39,0.61,10,116,Good
7.3,1.07,0.09,1.7,0.178,10,89,0.9962,3.3,0.57,9,120,Average
8.8,0.55,0.04,2.2,0.119,14,56,0.9962,3.21,0.6,10.9,121,Good
7.3,0.695,0,2.5,0.075,3,13,0.998,3.49,0.52,9.2,122,Average
7.8,0.5,0.17,1.6,0.082,21,102,0.996,3.39,0.48,9.5,124,Average
8.2,1.33,0,1.7,0.081,3,12,0.9964,3.53,0.49,10.9,126,Average
8.1,1.33,0,1.8,0.082,3,12,0.9964,3.54,0.48,10.9,127,Average
8,0.59,0.16,1.8,0.065,3,16,0.9962,3.42,0.92,10.5,128,Very God
8,0.745,0.56,2,0.118,30,134,0.9968,3.24,0.66,9.4,130,Average
5.6,0.5,0.09,2.3,0.049,17,99,0.9937,3.63,0.63,13,131,Average
7.9,1.04,0.05,2.2,0.084,13,29,0.9959,3.22,0.55,9.9,134,Good
8.4,0.745,0.11,1.9,0.09,16,63,0.9965,3.19,0.82,9.6,135,Average
7.2,0.415,0.36,2,0.081,13,45,0.9972,3.48,0.64,9.2,137,Average
8.4,0.745,0.11,1.9,0.09,16,63,0.9965,3.19,0.82,9.6,140,Average
5.2,0.34,0,1.8,0.05,27,63,0.9916,3.68,0.79,14,142,Good
6.3,0.39,0.08,1.7,0.066,3,20,0.9954,3.34,0.58,9.4,143,Average
5.2,0.34,0,1.8,0.05,27,63,0.9916,3.68,0.79,14,144,Good
8.1,0.67,0.55,1.8,0.117,32,141,0.9968,3.17,0.62,9.4,145,Average
5.8,0.68,0.02,1.8,0.087,21,94,0.9944,3.54,0.52,10,146,Average
6.9,0.49,0.1,2.3,0.074,12,30,0.9959,3.42,0.58,10.2,148,Good
7.3,0.33,0.47,2.1,0.077,5,11,0.9958,3.33,0.53,10.3,150,Good
9.2,0.52,1,3.4,0.61,32,69,0.9996,2.74,2,9.4,151,Poor
7.5,0.6,0.03,1.8,0.095,25,99,0.995,3.35,0.54,10.1,152,Average
7.5,0.6,0.03,1.8,0.095,25,99,0.995,3.35,0.54,10.1,153,Average
7.1,0.43,0.42,5.5,0.071,28,128,0.9973,3.42,0.71,10.5,155,Average
7.1,0.43,0.42,5.5,0.07,29,129,0.9973,3.42,0.72,10.5,156,Average
7.1,0.43,0.42,5.5,0.071,28,128,0.9973,3.42,0.71,10.5,157,Average
7.1,0.68,0,2.2,0.073,12,22,0.9969,3.48,0.5,9.3,158,Average
6.8,0.6,0.18,1.9,0.079,18,86,0.9968,3.59,0.57,9.3,159,Good
7.6,0.95,0.03,2,0.09,7,20,0.9959,3.2,0.56,9.6,160,Average
7.6,0.68,0.02,1.3,0.072,9,20,0.9965,3.17,1.08,9.2,161,Poor
7.8,0.53,0.04,1.7,0.076,17,31,0.9964,3.33,0.56,10,162,Good
7.4,0.6,0.26,7.3,0.07,36,121,0.9982,3.37,0.49,9.4,163,Average
7.3,0.59,0.26,7.2,0.07,35,121,0.9981,3.37,0.49,9.4,164,Average
7.8,0.63,0.48,1.7,0.1,14,96,0.9961,3.19,0.62,9.5,165,Average
6.8,0.64,0.1,2.1,0.085,18,101,0.9956,3.34,0.52,10.2,166,Average
7.3,0.55,0.03,1.6,0.072,17,42,0.9956,3.37,0.48,9,167,Poor
6.8,0.63,0.07,2.1,0.089,11,44,0.9953,3.47,0.55,10.4,168,Good
7.9,0.885,0.03,1.8,0.058,4,8,0.9972,3.36,0.33,9.1,170,Poor
8,0.42,0.17,2,0.073,6,18,0.9972,3.29,0.61,9.2,172,Good
7.4,0.62,0.05,1.9,0.068,24,42,0.9961,3.42,0.57,11.5,173,Good
6.9,0.5,0.04,1.5,0.085,19,49,0.9958,3.35,0.78,9.5,175,Average
7.3,0.38,0.21,2,0.08,7,35,0.9961,3.33,0.47,9.5,176,Average
7.5,0.52,0.42,2.3,0.087,8,38,0.9972,3.58,0.61,10.5,177,Good
7,0.805,0,2.5,0.068,7,20,0.9969,3.48,0.56,9.6,178,Average
8.8,0.61,0.14,2.4,0.067,10,42,0.9969,3.19,0.59,9.5,179,Average
8.8,0.61,0.14,2.4,0.067,10,42,0.9969,3.19,0.59,9.5,180,Average
8.9,0.61,0.49,2,0.27,23,110,0.9972,3.12,1.02,9.3,181,Average
7.2,0.73,0.02,2.5,0.076,16,42,0.9972,3.44,0.52,9.3,182,Average
6.8,0.61,0.2,1.8,0.077,11,65,0.9971,3.54,0.58,9.3,183,Average
6.7,0.62,0.21,1.9,0.079,8,62,0.997,3.52,0.58,9.3,184,Good
8.9,0.31,0.57,2,0.111,26,85,0.9971,3.26,0.53,9.7,185,Average
7.4,0.39,0.48,2,0.082,14,67,0.9972,3.34,0.55,9.2,186,Average
7.9,0.5,0.33,2,0.084,15,143,0.9968,3.2,0.55,9.5,188,Average
8.2,0.5,0.35,2.9,0.077,21,127,0.9976,3.23,0.62,9.4,190,Average
6.4,0.37,0.25,1.9,0.074,21,49,0.9974,3.57,0.62,9.8,191,Good
7.6,0.55,0.21,2.2,0.071,7,28,0.9964,3.28,0.55,9.7,193,Average
7.6,0.55,0.21,2.2,0.071,7,28,0.9964,3.28,0.55,9.7,194,Average
7.3,0.58,0.3,2.4,0.074,15,55,0.9968,3.46,0.59,10.2,196,Average
11.5,0.3,0.6,2,0.067,12,27,0.9981,3.11,0.97,10.1,197,Good
6.9,1.09,0.06,2.1,0.061,12,31,0.9948,3.51,0.43,11.4,199,Poor
9.6,0.32,0.47,1.4,0.056,9,24,0.99695,3.22,0.82,10.3,200,Very God
7,0.43,0.36,1.6,0.089,14,37,0.99615,3.34,0.56,9.2,204,Good
12.8,0.3,0.74,2.6,0.095,9,28,0.9994,3.2,0.77,10.8,205,Very God
12.8,0.3,0.74,2.6,0.095,9,28,0.9994,3.2,0.77,10.8,206,Very God
7.8,0.44,0.28,2.7,0.1,18,95,0.9966,3.22,0.67,9.4,208,Average
9.7,0.53,0.6,2,0.039,5,19,0.99585,3.3,0.86,12.4,210,Good
8,0.725,0.24,2.8,0.083,10,62,0.99685,3.35,0.56,10,211,Good
8.2,0.57,0.26,2.2,0.06,28,65,0.9959,3.3,0.43,10.1,213,Average
7.8,0.735,0.08,2.4,0.092,10,41,0.9974,3.24,0.71,9.8,214,Good
7,0.49,0.49,5.6,0.06,26,121,0.9974,3.34,0.76,10.5,215,Average
8.7,0.625,0.16,2,0.101,13,49,0.9962,3.14,0.57,11,216,Average
8.1,0.725,0.22,2.2,0.072,11,41,0.9967,3.36,0.55,9.1,217,Average
7.5,0.49,0.19,1.9,0.076,10,44,0.9957,3.39,0.54,9.7,218,Average
7.8,0.34,0.37,2,0.082,24,58,0.9964,3.34,0.59,9.4,220,Good
7.4,0.53,0.26,2,0.101,16,72,0.9957,3.15,0.57,9.4,221,Average
6.8,0.61,0.04,1.5,0.057,5,10,0.99525,3.42,0.6,9.5,222,Average
8.6,0.645,0.25,2,0.083,8,28,0.99815,3.28,0.6,10,223,Good
7.7,0.43,0.25,2.6,0.073,29,63,0.99615,3.37,0.58,10.5,225,Good
8.9,0.59,0.5,2,0.337,27,81,0.9964,3.04,1.61,9.5,226,Good
5.2,0.48,0.04,1.6,0.054,19,106,0.9927,3.54,0.62,12.2,230,Very God
8,0.38,0.06,1.8,0.078,12,49,0.99625,3.37,0.52,9.9,231,Good
8.5,0.37,0.2,2.8,0.09,18,58,0.998,3.34,0.7,9.6,232,Good
8.2,1,0.09,2.3,0.065,7,37,0.99685,3.32,0.55,9,234,Good
7.2,0.63,0,1.9,0.097,14,38,0.99675,3.37,0.58,9,235,Good
8.9,0.635,0.37,1.7,0.263,5,62,0.9971,3,1.09,9.3,240,Average
12,0.38,0.56,2.1,0.093,6,24,0.99925,3.14,0.71,10.9,241,Good
7.7,0.58,0.1,1.8,0.102,28,109,0.99565,3.08,0.49,9.8,242,Good
15,0.21,0.44,2.2,0.075,10,24,1.00005,3.07,0.84,9.2,243,Very God
15,0.21,0.44,2.2,0.075,10,24,1.00005,3.07,0.84,9.2,244,Very God
7.3,0.66,0,2,0.084,6,23,0.9983,3.61,0.96,9.9,245,Good
7.1,0.68,0.07,1.9,0.075,16,51,0.99685,3.38,0.52,9.5,246,Average
7.3,0.66,0,2,0.084,6,23,0.9983,3.61,0.96,9.9,249,Good
10.8,0.32,0.44,1.6,0.063,16,37,0.9985,3.22,0.78,10,250,Good
7.1,0.6,0,1.8,0.074,16,34,0.9972,3.47,0.7,9.9,251,Good
11.1,0.35,0.48,3.1,0.09,5,21,0.9986,3.17,0.53,10.5,252,Average
7.7,0.775,0.42,1.9,0.092,8,86,0.9959,3.23,0.59,9.5,253,Average
8,0.57,0.23,3.2,0.073,17,119,0.99675,3.26,0.57,9.3,255,Average
9.4,0.34,0.37,2.2,0.075,5,13,0.998,3.22,0.62,9.2,256,Average
6.6,0.695,0,2.1,0.075,12,56,0.9968,3.49,0.67,9.2,257,Average
7.7,0.41,0.76,1.8,0.611,8,45,0.9968,3.06,1.26,9.4,258,Average
10,0.31,0.47,2.6,0.085,14,33,0.99965,3.36,0.8,10.5,259,Very God
7.9,0.33,0.23,1.7,0.077,18,45,0.99625,3.29,0.65,9.3,260,Average
7,0.975,0.04,2,0.087,12,67,0.99565,3.35,0.6,9.4,261,Poor
8,0.52,0.03,1.7,0.07,10,35,0.99575,3.34,0.57,10,262,Average
7.9,0.37,0.23,1.8,0.077,23,49,0.9963,3.28,0.67,9.3,263,Average
12.5,0.56,0.49,2.4,0.064,5,27,0.9999,3.08,0.87,10.9,264,Average
8.1,0.87,0,3.3,0.096,26,61,1.00025,3.6,0.72,9.8,266,Poor
7.9,0.35,0.46,3.6,0.078,15,37,0.9973,3.35,0.86,12.8,267,Excellent
6.9,0.54,0.04,3,0.077,7,27,0.9987,3.69,0.91,9.4,268,Good
11.5,0.18,0.51,4,0.104,4,23,0.9996,3.28,0.97,10.1,269,Good
7.9,0.545,0.06,4,0.087,27,61,0.9965,3.36,0.67,10.7,270,Good
7.9,0.545,0.06,4,0.087,27,61,0.9965,3.36,0.67,10.7,275,Good
6.9,0.54,0.04,3,0.077,7,27,0.9987,3.69,0.91,9.4,276,Good
11.5,0.18,0.51,4,0.104,4,23,0.9996,3.28,0.97,10.1,277,Good
10.3,0.32,0.45,6.4,0.073,5,13,0.9976,3.23,0.82,12.6,278,Excellent
8.9,0.4,0.32,5.6,0.087,10,47,0.9991,3.38,0.77,10.5,279,Very God
11.4,0.26,0.44,3.6,0.071,6,19,0.9986,3.12,0.82,9.3,280,Good
7.7,0.27,0.68,3.5,0.358,5,10,0.9972,3.25,1.08,9.9,281,Very God
8.9,0.4,0.32,5.6,0.087,10,47,0.9991,3.38,0.77,10.5,283,Very God
9.9,0.59,0.07,3.4,0.102,32,71,1.00015,3.31,0.71,9.8,284,Average
9.9,0.59,0.07,3.4,0.102,32,71,1.00015,3.31,0.71,9.8,285,Average
12,0.45,0.55,2,0.073,25,49,0.9997,3.1,0.76,10.3,286,Good
7.5,0.4,0.12,3,0.092,29,53,0.9967,3.37,0.7,10.3,287,Good
8.7,0.52,0.09,2.5,0.091,20,49,0.9976,3.34,0.86,10.6,288,Very God
11.6,0.42,0.53,3.3,0.105,33,98,1.001,3.2,0.95,9.2,289,Average
8.7,0.52,0.09,2.5,0.091,20,49,0.9976,3.34,0.86,10.6,290,Very God
10.4,0.55,0.23,2.7,0.091,18,48,0.9994,3.22,0.64,10.3,292,Good
6.9,0.36,0.25,2.4,0.098,5,16,0.9964,3.41,0.6,10.1,293,Good
13.3,0.34,0.52,3.2,0.094,17,53,1.0014,3.05,0.81,9.5,294,Good
10.8,0.5,0.46,2.5,0.073,5,27,1.0001,3.05,0.64,9.5,295,Average
10.6,0.83,0.37,2.6,0.086,26,70,0.9981,3.16,0.52,9.9,296,Average
7.1,0.63,0.06,2,0.083,8,29,0.99855,3.67,0.73,9.6,297,Average
7.2,0.65,0.02,2.3,0.094,5,31,0.9993,3.67,0.8,9.7,298,Average
7.5,0.53,0.06,2.6,0.086,20,44,0.9965,3.38,0.59,10.7,300,Good
11.1,0.18,0.48,1.5,0.068,7,15,0.9973,3.22,0.64,10.1,301,Good
8.3,0.705,0.12,2.6,0.092,12,28,0.9994,3.51,0.72,10,302,Average
8.4,0.65,0.6,2.1,0.112,12,90,0.9973,3.2,0.52,9.2,304,Average
7.6,0.62,0.32,2.2,0.082,7,54,0.9966,3.36,0.52,9.4,306,Average
10.3,0.41,0.42,2.4,0.213,6,14,0.9994,3.19,0.62,9.5,307,Good
10.3,0.43,0.44,2.4,0.214,5,12,0.9994,3.19,0.63,9.5,308,Good
7.9,0.53,0.24,2,0.072,15,105,0.996,3.27,0.54,9.4,311,Good
9,0.46,0.31,2.8,0.093,19,98,0.99815,3.32,0.63,9.5,312,Good
8.6,0.47,0.3,3,0.076,30,135,0.9976,3.3,0.53,9.4,313,Average
7.4,0.36,0.29,2.6,0.087,26,72,0.99645,3.39,0.68,11,314,Average
9.8,0.66,0.39,3.2,0.083,21,59,0.9989,3.37,0.71,11.5,318,Very God
9.6,0.77,0.12,2.9,0.082,30,74,0.99865,3.3,0.64,10.4,319,Good
9.3,0.61,0.26,3.4,0.09,25,87,0.99975,3.24,0.62,9.7,321,Average
10,0.49,0.2,11,0.071,13,50,1.0015,3.16,0.69,9.2,324,Good
10,0.49,0.2,11,0.071,13,50,1.0015,3.16,0.69,9.2,325,Good
11.6,0.53,0.66,3.65,0.121,6,14,0.9978,3.05,0.74,11.5,326,Very God
10.3,0.44,0.5,4.5,0.107,5,13,0.998,3.28,0.83,11.5,327,Average
13.4,0.27,0.62,2.6,0.082,6,21,1.0002,3.16,0.67,9.7,328,Good
8.4,0.56,0.08,2.1,0.105,16,44,0.9958,3.13,0.52,11,333,Average
7.9,0.65,0.01,2.5,0.078,17,38,0.9963,3.34,0.74,11.7,334,Very God
11.9,0.695,0.53,3.4,0.128,7,21,0.9992,3.17,0.84,12.2,335,Very God
8.9,0.43,0.45,1.9,0.052,6,16,0.9948,3.35,0.7,12.5,336,Good
7.8,0.43,0.32,2.8,0.08,29,58,0.9974,3.31,0.64,10.3,337,Average
12.5,0.28,0.54,2.3,0.082,12,29,0.9997,3.11,1.36,9.8,339,Very God
10.9,0.39,0.47,1.8,0.118,6,14,0.9982,3.3,0.75,9.8,342,Good
10.9,0.39,0.47,1.8,0.118,6,14,0.9982,3.3,0.75,9.8,343,Good
11.9,0.57,0.5,2.6,0.082,6,32,1.0006,3.12,0.78,10.7,344,Good
13.8,0.49,0.67,3,0.093,6,15,0.9986,3.02,0.93,12,347,Good
9.6,0.56,0.31,2.8,0.089,15,46,0.9979,3.11,0.92,10,348,Good
9.1,0.795,0,2.6,0.096,11,26,0.9994,3.35,0.83,9.4,351,Good
7.7,0.665,0,2.4,0.09,8,19,0.9974,3.27,0.73,9.3,352,Average
13.5,0.53,0.79,4.8,0.12,23,77,1.0018,3.18,0.77,13,353,Average
6.1,0.21,0.4,1.4,0.066,40.5,165,0.9912,3.25,0.59,11.9,354,Good
6.7,0.75,0.01,2.4,0.078,17,32,0.9955,3.55,0.61,12.8,355,Good
11.5,0.41,0.52,3,0.08,29,55,1.0001,3.26,0.88,11,356,Average
10.5,0.42,0.66,2.95,0.116,12,29,0.997,3.24,0.75,11.7,357,Very God
11.9,0.43,0.66,3.1,0.109,10,23,1,3.15,0.85,10.4,358,Very God
12.6,0.38,0.66,2.6,0.088,10,41,1.001,3.17,0.68,9.8,359,Good
8.2,0.7,0.23,2,0.099,14,81,0.9973,3.19,0.7,9.4,360,Average
8.6,0.45,0.31,2.6,0.086,21,50,0.9982,3.37,0.91,9.9,361,Good
11.9,0.58,0.66,2.5,0.072,6,37,0.9992,3.05,0.56,10,362,Average
12.5,0.46,0.63,2,0.071,6,15,0.9988,2.99,0.87,10.2,363,Average
12.8,0.615,0.66,5.8,0.083,7,42,1.0022,3.07,0.73,10,364,Very God
12.8,0.615,0.66,5.8,0.083,7,42,1.0022,3.07,0.73,10,366,Very God
10.4,0.575,0.61,2.6,0.076,11,24,1,3.16,0.69,9,367,Average
9.4,0.27,0.53,2.4,0.074,6,18,0.9962,3.2,1.13,12,369,Very God
7.9,0.24,0.4,1.6,0.056,11,25,0.9967,3.32,0.87,8.7,371,Good
9.1,0.28,0.48,1.8,0.067,26,46,0.9967,3.32,1.04,10.6,372,Good
11.5,0.45,0.5,3,0.078,19,47,1.0003,3.26,1.11,11,376,Good
9.4,0.27,0.53,2.4,0.074,6,18,0.9962,3.2,1.13,12,377,Very God
11.4,0.625,0.66,6.2,0.088,6,24,0.9988,3.11,0.99,13.3,378,Good
8.3,0.26,0.42,2,0.08,11,27,0.9974,3.21,0.8,9.4,380,Good
7.7,0.51,0.28,2.1,0.087,23,54,0.998,3.42,0.74,9.2,384,Average
7.8,0.46,0.26,1.9,0.088,23,53,0.9981,3.43,0.74,9.2,388,Good
5.6,0.85,0.05,1.4,0.045,12,88,0.9924,3.56,0.82,12.9,390,Excellent
13.7,0.415,0.68,2.9,0.085,17,43,1.0014,3.06,0.8,10,391,Good
9.5,0.37,0.52,2,0.082,6,26,0.998,3.18,0.51,9.5,392,Average
12,0.37,0.76,4.2,0.066,7,38,1.0004,3.22,0.6,13,395,Very God
6.6,0.735,0.02,7.9,0.122,68,124,0.9994,3.47,0.53,9.9,396,Average
11.5,0.59,0.59,2.6,0.087,13,49,0.9988,3.18,0.65,11,397,Good
8.7,0.765,0.22,2.3,0.064,9,42,0.9963,3.1,0.55,9.4,399,Average
6.6,0.735,0.02,7.9,0.122,68,124,0.9994,3.47,0.53,9.9,400,Average
12.2,0.48,0.54,2.6,0.085,19,64,1,3.1,0.61,10.5,402,Good
11.4,0.6,0.49,2.7,0.085,10,41,0.9994,3.15,0.63,10.5,403,Good
7.7,0.69,0.05,2.7,0.075,15,27,0.9974,3.26,0.61,9.1,404,Average
9.8,0.44,0.47,2.5,0.063,9,28,0.9981,3.24,0.65,10.8,406,Good
12,0.39,0.66,3,0.093,12,30,0.9996,3.18,0.63,10.8,407,Very God
12.5,0.46,0.49,4.5,0.07,26,49,0.9981,3.05,0.57,9.6,409,Poor
9,0.43,0.34,2.5,0.08,26,86,0.9987,3.38,0.62,9.5,410,Good
7.1,0.735,0.16,1.9,0.1,15,77,0.9966,3.27,0.64,9.3,412,Average
9.9,0.4,0.53,6.7,0.097,6,19,0.9986,3.27,0.82,11.7,413,Very God
8.8,0.52,0.34,2.7,0.087,24,122,0.9982,3.26,0.61,9.5,414,Average
8.6,0.725,0.24,6.6,0.117,31,134,1.0014,3.32,1.07,9.3,415,Average
10.6,0.48,0.64,2.2,0.111,6,20,0.997,3.26,0.66,11.7,416,Good
7,0.58,0.12,1.9,0.091,34,124,0.9956,3.44,0.48,10.5,417,Average
11.9,0.38,0.51,2,0.121,7,20,0.9996,3.24,0.76,10.4,418,Good
6.8,0.77,0,1.8,0.066,34,52,0.9976,3.62,0.68,9.9,419,Average
6.6,0.84,0.03,2.3,0.059,32,48,0.9952,3.52,0.56,12.3,421,Very God
7.7,0.96,0.2,2,0.047,15,60,0.9955,3.36,0.44,10.9,422,Average
10.5,0.24,0.47,2.1,0.066,6,24,0.9978,3.15,0.9,11,423,Very God
6.6,0.84,0.03,2.3,0.059,32,48,0.9952,3.52,0.56,12.3,425,Very God
6.4,0.67,0.08,2.1,0.045,19,48,0.9949,3.49,0.49,11.4,426,Good
9.5,0.78,0.22,1.9,0.077,6,32,0.9988,3.26,0.56,10.6,427,Good
9.1,0.52,0.33,1.3,0.07,9,30,0.9978,3.24,0.6,9.3,428,Average
12.8,0.84,0.63,2.4,0.088,13,35,0.9997,3.1,0.6,10.4,429,Good
10.5,0.24,0.47,2.1,0.066,6,24,0.9978,3.15,0.9,11,430,Very God
7.8,0.55,0.35,2.2,0.074,21,66,0.9974,3.25,0.56,9.2,431,Average
12.3,0.39,0.63,2.3,0.091,6,18,1.0004,3.16,0.49,9.5,433,Average
10.4,0.41,0.55,3.2,0.076,22,54,0.9996,3.15,0.89,9.9,434,Good
12.3,0.39,0.63,2.3,0.091,6,18,1.0004,3.16,0.49,9.5,435,Average
8,0.67,0.3,2,0.06,38,62,0.9958,3.26,0.56,10.2,436,Good
11.1,0.45,0.73,3.2,0.066,6,22,0.9986,3.17,0.66,11.2,437,Good
7,0.62,0.18,1.5,0.062,7,50,0.9951,3.08,0.6,9.3,439,Average
12.6,0.31,0.72,2.2,0.072,6,29,0.9987,2.88,0.82,9.8,440,Excellent
15.6,0.685,0.76,3.7,0.1,6,43,1.0032,2.95,0.68,11.2,442,Very God
5.3,0.57,0.01,1.7,0.054,5,27,0.9934,3.57,0.84,12.5,444,Very God
12.5,0.38,0.6,2.6,0.081,31,72,0.9996,3.1,0.73,10.5,446,Average
9.3,0.48,0.29,2.1,0.127,6,16,0.9968,3.22,0.72,11.2,447,Average
8.6,0.53,0.22,2,0.1,7,27,0.9967,3.2,0.56,10.2,448,Good
11.9,0.39,0.69,2.8,0.095,17,35,0.9994,3.1,0.61,10.8,449,Good
11.9,0.39,0.69,2.8,0.095,17,35,0.9994,3.1,0.61,10.8,450,Good
6.8,0.56,0.03,1.7,0.084,18,35,0.9968,3.44,0.63,10,452,Good
10.4,0.33,0.63,2.8,0.084,5,22,0.9998,3.26,0.74,11.2,453,Very God
7,0.23,0.4,1.6,0.063,21,67,0.9952,3.5,0.63,11.1,454,Average
11.3,0.62,0.67,5.2,0.086,6,19,0.9988,3.22,0.69,13.4,455,Excellent
8.9,0.59,0.39,2.3,0.095,5,22,0.9986,3.37,0.58,10.3,456,Average
9.2,0.63,0.21,2.7,0.097,29,65,0.9988,3.28,0.58,9.6,457,Average
11.6,0.58,0.66,2.2,0.074,10,47,1.0008,3.25,0.57,9,459,Very Poor
9.2,0.43,0.52,2.3,0.083,14,23,0.9976,3.35,0.61,11.3,460,Good
8.3,0.615,0.22,2.6,0.087,6,19,0.9982,3.26,0.61,9.3,461,Average
11.5,0.315,0.54,2.1,0.084,5,15,0.9987,2.98,0.7,9.2,464,Good
10.3,0.5,0.42,2,0.069,21,51,0.9982,3.16,0.72,11.5,466,Good
8.8,0.46,0.45,2.6,0.065,7,18,0.9947,3.32,0.79,14,467,Good
11.4,0.36,0.69,2.1,0.09,6,21,1,3.17,0.62,9.2,468,Good
8.7,0.82,0.02,1.2,0.07,36,48,0.9952,3.2,0.58,9.8,469,Average
13,0.32,0.65,2.6,0.093,15,47,0.9996,3.05,0.61,10.6,470,Average
9.6,0.54,0.42,2.4,0.081,25,52,0.997,3.2,0.71,11.4,471,Good
12.5,0.37,0.55,2.6,0.083,25,68,0.9995,3.15,0.82,10.4,472,Good
9.6,0.68,0.24,2.2,0.087,5,28,0.9988,3.14,0.6,10.2,475,Average
9.3,0.27,0.41,2,0.091,6,16,0.998,3.28,0.7,9.7,476,Average
10.4,0.24,0.49,1.8,0.075,6,20,0.9977,3.18,1.06,11,477,Good
9.4,0.685,0.11,2.7,0.077,6,31,0.9984,3.19,0.7,10.1,479,Good
10.6,0.28,0.39,15.5,0.069,6,23,1.0026,3.12,0.66,9.2,480,Average
9.4,0.3,0.56,2.8,0.08,6,17,0.9964,3.15,0.92,11.7,481,Excellent
10.6,0.36,0.6,2.2,0.152,7,18,0.9986,3.04,1.06,9.4,483,Average
10.2,0.67,0.39,1.9,0.054,6,17,0.9976,3.17,0.47,10,485,Average
10.2,0.645,0.36,1.8,0.053,5,14,0.9982,3.17,0.42,10,487,Good
9.3,0.39,0.4,2.6,0.073,10,26,0.9984,3.34,0.75,10.2,489,Good
9.2,0.41,0.5,2.5,0.055,12,25,0.9952,3.34,0.79,13.3,491,Very God
8.9,0.4,0.51,2.6,0.052,13,27,0.995,3.32,0.9,13.4,492,Very God
8.7,0.69,0.31,3,0.086,23,81,1.0002,3.48,0.74,11.6,493,Good
6.5,0.39,0.23,8.3,0.051,28,91,0.9952,3.44,0.55,12.1,494,Good
10.7,0.35,0.53,2.6,0.07,5,16,0.9972,3.15,0.65,11,495,Excellent
7.8,0.52,0.25,1.9,0.081,14,38,0.9984,3.43,0.65,9,496,Good
7.2,0.34,0.32,2.5,0.09,43,113,0.9966,3.32,0.79,11.1,497,Average
10.7,0.35,0.53,2.6,0.07,5,16,0.9972,3.15,0.65,11,498,Excellent
8.7,0.69,0.31,3,0.086,23,81,1.0002,3.48,0.74,11.6,499,Good
7.8,0.52,0.25,1.9,0.081,14,38,0.9984,3.43,0.65,9,500,Good
10.4,0.44,0.73,6.55,0.074,38,76,0.999,3.17,0.85,12,501,Very God
10.4,0.44,0.73,6.55,0.074,38,76,0.999,3.17,0.85,12,502,Very God
10.5,0.24,0.42,1.8,0.077,6,22,0.9976,3.21,1.05,10.8,504,Very God
10.2,0.49,0.63,2.9,0.072,10,26,0.9968,3.16,0.78,12.5,505,Very God
10.4,0.24,0.46,1.8,0.075,6,21,0.9976,3.25,1.02,10.8,506,Very God
11.2,0.67,0.55,2.3,0.084,6,13,1,3.17,0.71,9.5,507,Good
13.3,0.29,0.75,2.8,0.084,23,43,0.9986,3.04,0.68,11.4,509,Very God
10,0.59,0.31,2.2,0.09,26,62,0.9994,3.18,0.63,10.2,511,Good
10.7,0.4,0.48,2.1,0.125,15,49,0.998,3.03,0.81,9.7,512,Good
10.5,0.51,0.64,2.4,0.107,6,15,0.9973,3.09,0.66,11.8,513,Very God
10.5,0.51,0.64,2.4,0.107,6,15,0.9973,3.09,0.66,11.8,514,Very God
8.5,0.655,0.49,6.1,0.122,34,151,1.001,3.31,1.14,9.3,515,Average
12.5,0.6,0.49,4.3,0.1,5,14,1.001,3.25,0.74,11.9,516,Good
10.4,0.61,0.49,2.1,0.2,5,16,0.9994,3.16,0.63,8.4,517,Very Poor
9.8,0.25,0.49,2.7,0.088,15,33,0.9982,3.42,0.9,10,520,Good
9.3,0.4,0.49,2.5,0.085,38,142,0.9978,3.22,0.55,9.4,523,Average
9.2,0.43,0.49,2.4,0.086,23,116,0.9976,3.23,0.64,9.5,524,Average
7,0.38,0.49,2.5,0.097,33,85,0.9962,3.39,0.77,11.4,527,Good
9.9,0.63,0.24,2.4,0.077,6,33,0.9974,3.09,0.57,9.4,529,Average
9.1,0.22,0.24,2.1,0.078,1,28,0.999,3.41,0.87,10.3,530,Good
11.9,0.38,0.49,2.7,0.098,12,42,1.0004,3.16,0.61,10.3,531,Average
11.9,0.38,0.49,2.7,0.098,12,42,1.0004,3.16,0.61,10.3,532,Average
10.3,0.27,0.24,2.1,0.072,15,33,0.9956,3.22,0.66,12.8,533,Good
10,0.48,0.24,2.7,0.102,13,32,1,3.28,0.56,10,534,Good
9.1,0.22,0.24,2.1,0.078,1,28,0.999,3.41,0.87,10.3,535,Good
9.9,0.63,0.24,2.4,0.077,6,33,0.9974,3.09,0.57,9.4,536,Average
8.1,0.825,0.24,2.1,0.084,5,13,0.9972,3.37,0.77,10.7,537,Good
12.9,0.35,0.49,5.8,0.066,5,35,1.0014,3.2,0.66,12,538,Very God
11.2,0.5,0.74,5.15,0.1,5,17,0.9996,3.22,0.62,11.2,539,Average
9.2,0.59,0.24,3.3,0.101,20,47,0.9988,3.26,0.67,9.6,540,Average
9.5,0.46,0.49,6.3,0.064,5,17,0.9988,3.21,0.73,11,541,Good
9.3,0.715,0.24,2.1,0.07,5,20,0.9966,3.12,0.59,9.9,542,Average
11.2,0.66,0.24,2.5,0.085,16,53,0.9993,3.06,0.72,11,543,Good
14.3,0.31,0.74,1.8,0.075,6,15,1.0008,2.86,0.79,8.4,544,Good
9.1,0.47,0.49,2.6,0.094,38,106,0.9982,3.08,0.59,9.1,545,Average
7.5,0.55,0.24,2,0.078,10,28,0.9983,3.45,0.78,9.5,546,Good
10.6,0.31,0.49,2.5,0.067,6,21,0.9987,3.26,0.86,10.7,547,Good
12.4,0.35,0.49,2.6,0.079,27,69,0.9994,3.12,0.75,10.4,548,Good
6.8,0.51,0.01,2.1,0.074,9,25,0.9958,3.33,0.56,9.5,550,Good
9.4,0.43,0.24,2.8,0.092,14,45,0.998,3.19,0.73,10,551,Good
9.5,0.46,0.24,2.7,0.092,14,44,0.998,3.12,0.74,10,552,Good
5,1.04,0.24,1.6,0.05,32,96,0.9934,3.74,0.62,11.5,553,Average
15.5,0.645,0.49,4.2,0.095,10,23,1.00315,2.92,0.74,11.1,554,Average
10.9,0.53,0.49,4.6,0.118,10,17,1.0002,3.07,0.56,11.7,556,Good
15.6,0.645,0.49,4.2,0.095,10,23,1.00315,2.92,0.74,11.1,557,Average
13,0.47,0.49,4.3,0.085,6,47,1.0021,3.3,0.68,12.7,559,Good
12.7,0.6,0.49,2.8,0.075,5,19,0.9994,3.14,0.57,11.4,560,Average
9,0.54,0.49,2.9,0.094,41,110,0.9982,3.08,0.61,9.2,562,Average
7.6,0.29,0.49,2.7,0.092,25,60,0.9971,3.31,0.61,10.1,563,Good
13,0.47,0.49,4.3,0.085,6,47,1.0021,3.3,0.68,12.7,564,Good
12.7,0.6,0.49,2.8,0.075,5,19,0.9994,3.14,0.57,11.4,565,Average
8.7,0.7,0.24,2.5,0.226,5,15,0.9991,3.32,0.6,9,567,Good
9.8,0.5,0.49,2.6,0.25,5,20,0.999,3.31,0.79,10.7,568,Good
6.2,0.36,0.24,2.2,0.095,19,42,0.9946,3.57,0.57,11.7,569,Good
11.5,0.35,0.49,3.3,0.07,10,37,1.0003,3.32,0.91,11,570,Good
10.2,0.24,0.49,2.4,0.075,10,28,0.9978,3.14,0.61,10.4,572,Average
9.9,0.5,0.24,2.3,0.103,6,14,0.9978,3.34,0.52,10,576,Poor
8.8,0.44,0.49,2.8,0.083,18,111,0.9982,3.3,0.6,9.5,577,Average
8.8,0.47,0.49,2.9,0.085,17,110,0.9982,3.29,0.6,9.8,578,Average
10.6,0.31,0.49,2.2,0.063,18,40,0.9976,3.14,0.51,9.8,579,Good
12.3,0.5,0.49,2.2,0.089,5,14,1.0002,3.19,0.44,9.6,580,Average
12.3,0.5,0.49,2.2,0.089,5,14,1.0002,3.19,0.44,9.6,581,Average
12,0.28,0.49,1.9,0.074,10,21,0.9976,2.98,0.66,9.9,583,Very God
7.3,0.73,0.24,1.9,0.108,18,102,0.9967,3.26,0.59,9.3,587,Average
5,0.42,0.24,2,0.06,19,50,0.9917,3.72,0.74,14,588,Excellent
9,0.45,0.49,2.6,0.084,21,75,0.9987,3.35,0.57,9.7,590,Average
6.6,0.39,0.49,1.7,0.07,23,149,0.9922,3.12,0.5,11.5,591,Good
9,0.45,0.49,2.6,0.084,21,75,0.9987,3.35,0.57,9.7,592,Average
9.9,0.49,0.58,3.5,0.094,9,43,1.0004,3.29,0.58,9,593,Average
8.9,0.595,0.41,7.9,0.086,30,109,0.9998,3.27,0.57,9.3,595,Average
12.4,0.4,0.51,2,0.059,6,24,0.9994,3.04,0.6,9.3,596,Good
8.5,0.585,0.18,2.1,0.078,5,30,0.9967,3.2,0.48,9.8,598,Good
7.7,0.835,0,2.6,0.081,6,14,0.9975,3.3,0.52,9.3,602,Average
8.3,0.58,0.13,2.9,0.096,14,63,0.9984,3.17,0.62,9.1,604,Good
8.8,0.48,0.41,3.3,0.092,26,52,0.9982,3.31,0.53,10.5,607,Good
10.1,0.65,0.37,5.1,0.11,11,65,1.0026,3.32,0.64,10.4,608,Good
6.3,0.36,0.19,3.2,0.075,15,39,0.9956,3.56,0.52,12.7,609,Good
8.8,0.24,0.54,2.5,0.083,25,57,0.9983,3.39,0.54,9.2,610,Average
13.2,0.38,0.55,2.7,0.081,5,16,1.0006,2.98,0.54,9.4,611,Average
7.5,0.64,0,2.4,0.077,18,29,0.9965,3.32,0.6,10,612,Good
9.6,0.6,0.5,2.3,0.079,28,71,0.9997,3.5,0.57,9.7,616,Average
11.5,0.31,0.51,2.2,0.079,14,28,0.9982,3.03,0.93,9.8,617,Good
11.3,0.37,0.41,2.3,0.088,6,16,0.9988,3.09,0.8,9.3,619,Average
8.3,0.54,0.24,3.4,0.076,16,112,0.9976,3.27,0.61,9.4,620,Average
8.2,0.56,0.23,3.4,0.078,14,104,0.9976,3.28,0.62,9.4,621,Average
10,0.58,0.22,1.9,0.08,9,32,0.9974,3.13,0.55,9.5,622,Average
6.8,0.69,0,5.6,0.124,21,58,0.9997,3.46,0.72,10.2,625,Average
8.8,0.6,0.29,2.2,0.098,5,15,0.9988,3.36,0.49,9.1,626,Average
8.8,0.6,0.29,2.2,0.098,5,15,0.9988,3.36,0.49,9.1,627,Average
8.7,0.54,0.26,2.5,0.097,7,31,0.9976,3.27,0.6,9.3,628,Good
7.6,0.685,0.23,2.3,0.111,20,84,0.9964,3.21,0.61,9.3,629,Average
8.7,0.54,0.26,2.5,0.097,7,31,0.9976,3.27,0.6,9.3,630,Good
10.4,0.28,0.54,2.7,0.105,5,19,0.9988,3.25,0.63,9.5,631,Average
7.6,0.41,0.14,3,0.087,21,43,0.9964,3.32,0.57,10.5,632,Good
10.1,0.935,0.22,3.4,0.105,11,86,1.001,3.43,0.64,11.3,633,Poor
7.9,0.35,0.21,1.9,0.073,46,102,0.9964,3.27,0.58,9.5,634,Average
8.7,0.84,0,1.4,0.065,24,33,0.9954,3.27,0.55,9.7,635,Average
9.6,0.88,0.28,2.4,0.086,30,147,0.9979,3.24,0.53,9.4,636,Average
9.5,0.885,0.27,2.3,0.084,31,145,0.9978,3.24,0.53,9.4,637,Average
8.9,0.29,0.35,1.9,0.067,25,57,0.997,3.18,1.36,10.3,639,Good
9.9,0.54,0.45,2.3,0.071,16,40,0.9991,3.39,0.62,9.4,640,Average
9.9,0.54,0.45,2.3,0.071,16,40,0.9991,3.39,0.62,9.4,642,Average
9.9,0.54,0.45,2.3,0.071,16,40,0.9991,3.39,0.62,9.4,644,Average
8.3,0.845,0.01,2.2,0.07,5,14,0.9967,3.32,0.58,11,647,Poor
8.7,0.48,0.3,2.8,0.066,10,28,0.9964,3.33,0.67,11.2,648,Very God
6.7,0.42,0.27,8.6,0.068,24,148,0.9948,3.16,0.57,11.3,649,Good
10.7,0.43,0.39,2.2,0.106,8,32,0.9986,2.89,0.5,9.6,650,Average
15.9,0.36,0.65,7.5,0.096,22,71,0.9976,2.98,0.84,14.9,652,Average
9.4,0.33,0.59,2.8,0.079,9,30,0.9976,3.12,0.54,12,653,Good
8.6,0.47,0.47,2.4,0.074,7,29,0.9979,3.08,0.46,9.5,654,Average
9.7,0.55,0.17,2.9,0.087,20,53,1.0004,3.14,0.61,9.4,655,Average
10.7,0.43,0.39,2.2,0.106,8,32,0.9986,2.89,0.5,9.6,656,Average
12,0.5,0.59,1.4,0.073,23,42,0.998,2.92,0.68,10.5,657,Very God
7.2,0.52,0.07,1.4,0.074,5,20,0.9973,3.32,0.81,9.6,658,Good
7.2,0.52,0.07,1.4,0.074,5,20,0.9973,3.32,0.81,9.6,660,Good
7.5,0.42,0.31,1.6,0.08,15,42,0.9978,3.31,0.64,9,661,Average
7.2,0.57,0.06,1.6,0.076,9,27,0.9972,3.36,0.7,9.6,662,Good
9.4,0.59,0.14,2,0.084,25,48,0.9981,3.14,0.56,9.7,665,Average
8.3,0.49,0.36,1.8,0.222,6,16,0.998,3.18,0.6,9.5,666,Good
11.3,0.34,0.45,2,0.082,6,15,0.9988,2.94,0.66,9.2,667,Good
11.3,0.34,0.45,2,0.082,6,15,0.9988,2.94,0.66,9.2,669,Good
8.2,0.73,0.21,1.7,0.074,5,13,0.9968,3.2,0.52,9.5,671,Average
8.2,0.73,0.21,1.7,0.074,5,13,0.9968,3.2,0.52,9.5,673,Average
10.8,0.4,0.41,2.2,0.084,7,17,0.9984,3.08,0.67,9.3,676,Good
8.6,0.8,0.11,2.3,0.084,12,31,0.9979,3.4,0.48,9.9,677,Average
8.3,0.78,0.1,2.6,0.081,45,87,0.9983,3.48,0.53,10,678,Average
10.8,0.26,0.45,3.3,0.06,20,49,0.9972,3.13,0.54,9.6,679,Average
8,0.45,0.23,2.2,0.094,16,29,0.9962,3.21,0.49,10.2,681,Good
8.5,0.46,0.31,2.25,0.078,32,58,0.998,3.33,0.54,9.8,682,Average
8.1,0.78,0.23,2.6,0.059,5,15,0.997,3.37,0.56,11.3,683,Average
9.8,0.98,0.32,2.3,0.078,35,152,0.998,3.25,0.48,9.4,684,Average
8.1,0.78,0.23,2.6,0.059,5,15,0.997,3.37,0.56,11.3,685,Average
7.7,0.66,0.04,1.6,0.039,4,9,0.9962,3.4,0.47,9.4,688,Average
8.1,0.38,0.48,1.8,0.157,5,17,0.9976,3.3,1.05,9.4,689,Average
9.2,0.92,0.24,2.6,0.087,12,93,0.9998,3.48,0.54,9.8,691,Average
8.6,0.49,0.51,2,0.422,16,62,0.9979,3.03,1.17,9,692,Average
9,0.48,0.32,2.8,0.084,21,122,0.9984,3.32,0.62,9.4,693,Average
9,0.47,0.31,2.7,0.084,24,125,0.9984,3.31,0.61,9.4,694,Average
5.1,0.47,0.02,1.3,0.034,18,44,0.9921,3.9,0.62,12.8,695,Good
7,0.65,0.02,2.1,0.066,8,25,0.9972,3.47,0.67,9.5,697,Good
9.4,0.615,0.28,3.2,0.087,18,72,1.0001,3.31,0.53,9.7,698,Average
11.8,0.38,0.55,2.1,0.071,5,19,0.9986,3.11,0.62,10.8,699,Good
10.6,1.02,0.43,2.9,0.076,26,88,0.9984,3.08,0.57,10.1,700,Good
7,0.65,0.02,2.1,0.066,8,25,0.9972,3.47,0.67,9.5,701,Good
7,0.64,0.02,2.1,0.067,9,23,0.997,3.47,0.67,9.4,702,Good
7.5,0.38,0.48,2.6,0.073,22,84,0.9972,3.32,0.7,9.6,703,Poor
9.1,0.765,0.04,1.6,0.078,4,14,0.998,3.29,0.54,9.7,704,Poor
8.4,1.035,0.15,6,0.073,11,54,0.999,3.37,0.49,9.9,705,Average
7,0.78,0.08,2,0.093,10,19,0.9956,3.4,0.47,10,706,Average
7.4,0.49,0.19,3,0.077,16,37,0.9966,3.37,0.51,10.5,707,Average
7.8,0.545,0.12,2.5,0.068,11,35,0.996,3.34,0.61,11.6,708,Good
10.6,1.025,0.43,2.8,0.08,21,84,0.9985,3.06,0.57,10.1,710,Average
8.9,0.565,0.34,3,0.093,16,112,0.9998,3.38,0.61,9.5,711,Average
9.9,0.74,0.28,2.6,0.078,21,77,0.998,3.28,0.51,9.8,714,Average
7.6,0.46,0.11,2.6,0.079,12,49,0.9968,3.21,0.57,10,717,Average
8.4,0.56,0.04,2,0.082,10,22,0.9976,3.22,0.44,9.6,718,Average
7.1,0.66,0,3.9,0.086,17,45,0.9976,3.46,0.54,9.5,719,Average
8.4,0.56,0.04,2,0.082,10,22,0.9976,3.22,0.44,9.6,720,Average
8.9,0.48,0.24,2.85,0.094,35,106,0.9982,3.1,0.53,9.2,721,Average
7.1,0.31,0.3,2.2,0.053,36,127,0.9965,2.94,1.62,9.5,723,Average
9,0.66,0.17,3,0.077,5,13,0.9976,3.29,0.55,10.4,725,Average
8.1,0.72,0.09,2.8,0.084,18,49,0.9994,3.43,0.72,11.1,726,Good
6.4,0.57,0.02,1.8,0.067,4,11,0.997,3.46,0.68,9.5,727,Average
6.4,0.57,0.02,1.8,0.067,4,11,0.997,3.46,0.68,9.5,728,Average
6.4,0.865,0.03,3.2,0.071,27,58,0.995,3.61,0.49,12.7,729,Good
9.5,0.55,0.66,2.3,0.387,12,37,0.9982,3.17,0.67,9.6,730,Average
8.9,0.875,0.13,3.45,0.088,4,14,0.9994,3.44,0.52,11.5,731,Average
7.3,0.835,0.03,2.1,0.092,10,19,0.9966,3.39,0.47,9.6,732,Average
7,0.45,0.34,2.7,0.082,16,72,0.998,3.55,0.6,9.5,733,Average
7.7,0.56,0.2,2,0.075,9,39,0.9987,3.48,0.62,9.3,734,Average
7.7,0.965,0.1,2.1,0.112,11,22,0.9963,3.26,0.5,9.5,736,Average
8.2,0.59,0,2.5,0.093,19,58,1.0002,3.5,0.65,9.3,737,Good
9,0.69,0,2.4,0.088,19,38,0.999,3.35,0.6,9.3,739,Average
8.3,0.76,0.29,4.2,0.075,12,16,0.9965,3.45,0.68,11.5,740,Good
9.2,0.53,0.24,2.6,0.078,28,139,0.99788,3.21,0.57,9.5,741,Average
11.1,0.39,0.54,2.7,0.095,21,101,1.0001,3.13,0.51,9.5,744,Average
7.3,0.51,0.18,2.1,0.07,12,28,0.99768,3.52,0.73,9.5,745,Good
8.2,0.34,0.38,2.5,0.08,12,57,0.9978,3.3,0.47,9,746,Good
7.2,0.5,0.18,2.1,0.071,12,31,0.99761,3.52,0.72,9.6,748,Good
7.3,0.51,0.18,2.1,0.07,12,28,0.99768,3.52,0.73,9.5,749,Good
8.3,0.65,0.1,2.9,0.089,17,40,0.99803,3.29,0.55,9.5,750,Average
7.6,0.54,0.13,2.5,0.097,24,66,0.99785,3.39,0.61,9.4,752,Average
8.3,0.65,0.1,2.9,0.089,17,40,0.99803,3.29,0.55,9.5,753,Average
7.8,0.48,0.68,1.7,0.415,14,32,0.99656,3.09,1.06,9.1,754,Good
7.8,0.91,0.07,1.9,0.058,22,47,0.99525,3.51,0.43,10.7,755,Good
6.3,0.98,0.01,2,0.057,15,33,0.99488,3.6,0.46,11.2,756,Good
8.1,0.87,0,2.2,0.084,10,31,0.99656,3.25,0.5,9.8,757,Average
8.1,0.87,0,2.2,0.084,10,31,0.99656,3.25,0.5,9.8,758,Average
8.8,0.42,0.21,2.5,0.092,33,88,0.99823,3.19,0.52,9.2,759,Average
9,0.58,0.25,2.8,0.075,9,104,0.99779,3.23,0.57,9.7,760,Average
9.3,0.655,0.26,2,0.096,5,35,0.99738,3.25,0.42,9.6,761,Average
8.8,0.7,0,1.7,0.069,8,19,0.99701,3.31,0.53,10,762,Good
9.1,0.68,0.11,2.8,0.093,11,44,0.99888,3.31,0.55,9.5,764,Good
9.2,0.67,0.1,3,0.091,12,48,0.99888,3.31,0.54,9.5,765,Good
8.8,0.59,0.18,2.9,0.089,12,74,0.99738,3.14,0.54,9.4,766,Average
7.1,0.59,0.02,2.3,0.082,24,94,0.99744,3.55,0.53,9.7,768,Good
7.9,0.72,0.01,1.9,0.076,7,32,0.99668,3.39,0.54,9.6,769,Average
7.1,0.59,0.02,2.3,0.082,24,94,0.99744,3.55,0.53,9.7,770,Good
9.4,0.685,0.26,2.4,0.082,23,143,0.9978,3.28,0.55,9.4,771,Average
9.5,0.57,0.27,2.3,0.082,23,144,0.99782,3.27,0.55,9.4,772,Average
7.9,0.4,0.29,1.8,0.157,1,44,0.9973,3.3,0.92,9.5,773,Good
7.2,1,0,3,0.102,7,16,0.99586,3.43,0.46,10,775,Average
6.9,0.635,0.17,2.4,0.241,6,18,0.9961,3.4,0.59,10.3,777,Good
8.3,0.43,0.3,3.4,0.079,7,34,0.99788,3.36,0.61,10.5,778,Average
7.1,0.52,0.03,2.6,0.076,21,92,0.99745,3.5,0.6,9.8,779,Average
7,0.57,0,2,0.19,12,45,0.99676,3.31,0.6,9.4,780,Good
6.5,0.46,0.14,2.4,0.114,9,37,0.99732,3.66,0.65,9.8,781,Average
7.1,0.59,0.01,2.5,0.077,20,85,0.99746,3.55,0.59,9.8,784,Average
9.9,0.35,0.41,2.3,0.083,11,61,0.9982,3.21,0.5,9.5,785,Average
10,0.56,0.24,2.2,0.079,19,58,0.9991,3.18,0.56,10.1,787,Good
10,0.56,0.24,2.2,0.079,19,58,0.9991,3.18,0.56,10.1,788,Good
8.6,0.63,0.17,2.9,0.099,21,119,0.998,3.09,0.52,9.3,789,Average
7.4,0.37,0.43,2.6,0.082,18,82,0.99708,3.33,0.68,9.7,790,Good
8.8,0.64,0.17,2.9,0.084,25,130,0.99818,3.23,0.54,9.6,791,Average
7.1,0.61,0.02,2.5,0.081,17,87,0.99745,3.48,0.6,9.7,792,Good
7.7,0.6,0,2.6,0.055,7,13,0.99639,3.38,0.56,10.8,793,Average
10.1,0.27,0.54,2.3,0.065,7,26,0.99531,3.17,0.53,12.5,794,Good
10.8,0.89,0.3,2.6,0.132,7,60,0.99786,2.99,1.18,10.2,795,Average
8.7,0.46,0.31,2.5,0.126,24,64,0.99746,3.1,0.74,9.6,796,Average
9.3,0.37,0.44,1.6,0.038,21,42,0.99526,3.24,0.81,10.8,797,Very God
9.4,0.5,0.34,3.6,0.082,5,14,0.9987,3.29,0.52,10.7,799,Good
8.6,0.55,0.09,3.3,0.068,8,17,0.99735,3.23,0.44,10,801,Average
5.1,0.585,0,1.7,0.044,14,86,0.99264,3.56,0.94,12.9,802,Very God
7.7,0.56,0.08,2.5,0.114,14,46,0.9971,3.24,0.66,9.6,803,Good
8.4,0.52,0.22,2.7,0.084,4,18,0.99682,3.26,0.57,9.9,804,Good
8.4,0.25,0.39,2,0.041,4,10,0.99386,3.27,0.71,12.5,806,Very God
7.4,0.53,0.12,1.9,0.165,4,12,0.99702,3.26,0.86,9.2,808,Average
7.6,0.48,0.31,2.8,0.07,4,15,0.99693,3.22,0.55,10.3,809,Good
7.3,0.49,0.1,2.6,0.068,4,14,0.99562,3.3,0.47,10.5,810,Average
12.9,0.5,0.55,2.8,0.072,7,24,1.00012,3.09,0.68,10.9,811,Good
6.9,0.39,0.24,2.1,0.102,4,7,0.99462,3.44,0.58,11.4,813,Poor
12.6,0.41,0.54,2.8,0.103,19,41,0.99939,3.21,0.76,11.3,814,Good
9.1,0.66,0.15,3.2,0.097,9,59,0.99976,3.28,0.54,9.6,819,Average
7,0.685,0,1.9,0.099,9,22,0.99606,3.34,0.6,9.7,820,Average
4.9,0.42,0,2.1,0.048,16,42,0.99154,3.71,0.74,14,821,Very God
6.7,0.54,0.13,2,0.076,15,36,0.9973,3.61,0.64,9.8,823,Average
7.1,0.48,0.28,2.8,0.068,6,16,0.99682,3.24,0.53,10.3,824,Average
7.5,0.27,0.34,2.3,0.05,4,8,0.9951,3.4,0.64,11,826,Very God
7.1,0.46,0.14,2.8,0.076,15,37,0.99624,3.36,0.49,10.7,827,Average
7.5,0.685,0.07,2.5,0.058,5,9,0.99632,3.38,0.55,10.9,830,Poor
5.9,0.61,0.08,2.1,0.071,16,24,0.99376,3.56,0.77,11.1,831,Good
11.6,0.47,0.44,1.6,0.147,36,51,0.99836,3.38,0.86,9.9,833,Poor
6.7,0.28,0.28,2.4,0.012,36,100,0.99064,3.26,0.39,11.7,836,Very God
6.7,0.28,0.28,2.4,0.012,36,100,0.99064,3.26,0.39,11.7,837,Very God
10.1,0.31,0.35,1.6,0.075,9,28,0.99672,3.24,0.83,11.2,838,Very God
6.6,0.66,0,3,0.115,21,31,0.99629,3.45,0.63,10.3,841,Average
10.6,0.5,0.45,2.6,0.119,34,68,0.99708,3.23,0.72,10.9,842,Good
7.1,0.685,0.35,2,0.088,9,92,0.9963,3.28,0.62,9.4,843,Average
6.4,0.64,0.21,1.8,0.081,14,31,0.99689,3.59,0.66,9.8,846,Average
7.4,0.68,0.16,1.8,0.078,12,39,0.9977,3.5,0.7,9.9,847,Good
6.4,0.64,0.21,1.8,0.081,14,31,0.99689,3.59,0.66,9.8,848,Average
9.3,0.43,0.44,1.9,0.085,9,22,0.99708,3.28,0.55,9.5,850,Average
9.3,0.43,0.44,1.9,0.085,9,22,0.99708,3.28,0.55,9.5,851,Average
9.3,0.36,0.39,1.5,0.08,41,55,0.99652,3.47,0.73,10.9,853,Good
9.3,0.36,0.39,1.5,0.08,41,55,0.99652,3.47,0.73,10.9,854,Good
9.3,0.36,0.39,1.5,0.08,41,55,0.99652,3.47,0.73,10.9,856,Good
8.2,0.26,0.34,2.5,0.073,16,47,0.99594,3.4,0.78,11.3,857,Very God
11.7,0.28,0.47,1.7,0.054,17,32,0.99686,3.15,0.67,10.6,858,Very God
7.2,0.62,0.06,2.7,0.077,15,85,0.99746,3.51,0.54,9.5,860,Average
7.5,0.42,0.32,2.7,0.067,7,25,0.99628,3.24,0.44,10.4,862,Average
7.2,0.62,0.06,2.5,0.078,17,84,0.99746,3.51,0.53,9.7,863,Average
7.2,0.635,0.07,2.6,0.077,16,86,0.99748,3.51,0.54,9.7,865,Average
6.9,0.56,0.03,1.5,0.086,36,46,0.99522,3.53,0.57,10.6,871,Average
7.3,0.35,0.24,2,0.067,28,48,0.99576,3.43,0.54,10,872,Poor
8.8,0.31,0.4,2.8,0.109,7,16,0.99614,3.31,0.79,11.8,875,Very God
7.7,0.715,0.01,2.1,0.064,31,43,0.99371,3.41,0.57,11.8,877,Good
7.6,0.715,0,2.1,0.068,30,35,0.99533,3.48,0.65,11.4,881,Good
8.4,0.31,0.29,3.1,0.194,14,26,0.99536,3.22,0.78,12,882,Good
8.8,0.61,0.19,4,0.094,30,69,0.99787,3.22,0.5,10,884,Good
8.9,0.75,0.14,2.5,0.086,9,30,0.99824,3.34,0.64,10.5,885,Average
9,0.8,0.12,2.4,0.083,8,28,0.99836,3.33,0.65,10.4,886,Good
6.8,0.57,0,2.5,0.072,32,64,0.99491,3.43,0.56,11.2,888,Good
10.7,0.9,0.34,6.6,0.112,23,99,1.00289,3.22,0.68,9.3,889,Average
7.2,0.66,0.03,2.3,0.078,16,86,0.99743,3.53,0.57,9.7,891,Average
10.1,0.45,0.23,1.9,0.082,10,18,0.99774,3.22,0.65,9.3,892,Good
7.2,0.66,0.03,2.3,0.078,16,86,0.99743,3.53,0.57,9.7,893,Average
7.2,0.63,0.03,2.2,0.08,17,88,0.99745,3.53,0.58,9.8,894,Good
7.1,0.59,0.01,2.3,0.08,27,43,0.9955,3.42,0.58,10.7,895,Good
8.3,0.31,0.39,2.4,0.078,17,43,0.99444,3.31,0.77,12.5,896,Very God
7.1,0.59,0.01,2.3,0.08,27,43,0.9955,3.42,0.58,10.7,897,Good
8.3,0.31,0.39,2.4,0.078,17,43,0.99444,3.31,0.77,12.5,898,Very God
8.9,0.31,0.36,2.6,0.056,10,39,0.99562,3.4,0.69,11.8,900,Average
7.4,0.635,0.1,2.4,0.08,16,33,0.99736,3.58,0.69,10.8,901,Very God
7.4,0.635,0.1,2.4,0.08,16,33,0.99736,3.58,0.69,10.8,902,Very God
6.8,0.59,0.06,6,0.06,11,18,0.9962,3.41,0.59,10.8,904,Very God
7.2,0.54,0.27,2.6,0.084,12,78,0.9964,3.39,0.71,11,906,Average
6.1,0.56,0,2.2,0.079,6,9,0.9948,3.59,0.54,11.5,907,Good
7.4,0.52,0.13,2.4,0.078,34,61,0.99528,3.43,0.59,10.8,908,Good
9.3,0.38,0.48,3.8,0.132,3,11,0.99577,3.23,0.57,13.2,910,Good
9.1,0.28,0.46,9,0.114,3,9,0.99901,3.18,0.6,10.9,911,Good
10,0.46,0.44,2.9,0.065,4,8,0.99674,3.33,0.62,12.2,912,Good
8.6,0.315,0.4,2.2,0.079,3,6,0.99512,3.27,0.67,11.9,915,Good
5.3,0.715,0.19,1.5,0.161,7,62,0.99395,3.62,0.61,11,916,Average
6.8,0.41,0.31,8.8,0.084,26,45,0.99824,3.38,0.64,10.1,917,Good
8.4,0.36,0.32,2.2,0.081,32,79,0.9964,3.3,0.72,11,918,Good
8.4,0.62,0.12,1.8,0.072,38,46,0.99504,3.38,0.89,11.8,919,Good
9.6,0.41,0.37,2.3,0.091,10,23,0.99786,3.24,0.56,10.5,920,Average
8.4,0.62,0.12,1.8,0.072,38,46,0.99504,3.38,0.89,11.8,922,Good
8.6,0.47,0.27,2.3,0.055,14,28,0.99516,3.18,0.8,11.2,924,Average
8.6,0.22,0.36,1.9,0.064,53,77,0.99604,3.47,0.87,11,925,Very God
9.4,0.24,0.33,2.3,0.061,52,73,0.99786,3.47,0.9,10.2,926,Good
8.4,0.67,0.19,2.2,0.093,11,75,0.99736,3.2,0.59,9.2,927,Poor
8.6,0.47,0.27,2.3,0.055,14,28,0.99516,3.18,0.8,11.2,928,Average
8.7,0.33,0.38,3.3,0.063,10,19,0.99468,3.3,0.73,12,929,Very God
7.4,0.61,0.01,2,0.074,13,38,0.99748,3.48,0.65,9.8,931,Average
7.6,0.4,0.29,1.9,0.078,29,66,0.9971,3.45,0.59,9.5,932,Good
6.6,0.61,0.01,1.9,0.08,8,25,0.99746,3.69,0.73,10.5,934,Average
8.8,0.3,0.38,2.3,0.06,19,72,0.99543,3.39,0.72,11.8,936,Good
6.2,0.46,0.17,1.6,0.073,7,11,0.99425,3.61,0.54,11.4,939,Average
9.9,0.27,0.49,5,0.082,9,17,0.99484,3.19,0.52,12.5,941,Very God
10.1,0.43,0.4,2.6,0.092,13,52,0.99834,3.22,0.64,10,942,Very God
8.3,0.3,0.49,3.8,0.09,11,24,0.99498,3.27,0.64,12.1,944,Very God
10.2,0.44,0.58,4.1,0.092,11,24,0.99745,3.29,0.99,12,946,Very God
8.3,0.28,0.48,2.1,0.093,6,12,0.99408,3.26,0.62,12.4,947,Very God
8.9,0.12,0.45,1.8,0.075,10,21,0.99552,3.41,0.76,11.9,949,Very God
8.9,0.12,0.45,1.8,0.075,10,21,0.99552,3.41,0.76,11.9,950,Very God
8.3,0.28,0.48,2.1,0.093,6,12,0.99408,3.26,0.62,12.4,951,Very God
8.2,0.31,0.4,2.2,0.058,6,10,0.99536,3.31,0.68,11.2,952,Very God
10.2,0.34,0.48,2.1,0.052,5,9,0.99458,3.2,0.69,12.1,953,Very God
8.5,0.21,0.52,1.9,0.09,9,23,0.99648,3.36,0.67,10.4,955,Average
9,0.36,0.52,2.1,0.111,5,10,0.99568,3.31,0.62,11.3,956,Good
6.4,0.57,0.12,2.3,0.12,25,36,0.99519,3.47,0.71,11.3,958,Very God
8.5,0.47,0.27,1.9,0.058,18,38,0.99518,3.16,0.85,11.1,960,Good
7.1,0.56,0.14,1.6,0.078,7,18,0.99592,3.27,0.62,9.3,961,Average
6.6,0.57,0.02,2.1,0.115,6,16,0.99654,3.38,0.69,9.5,962,Average
8.5,0.47,0.27,1.9,0.058,18,38,0.99518,3.16,0.85,11.1,964,Good
8.5,0.66,0.2,2.1,0.097,23,113,0.99733,3.13,0.48,9.2,967,Average
9,0.4,0.43,2.4,0.068,29,46,0.9943,3.2,0.6,12.2,968,Good
10.4,0.26,0.48,1.9,0.066,6,10,0.99724,3.33,0.87,10.9,971,Good
8.8,0.33,0.41,5.9,0.073,7,13,0.99658,3.3,0.62,12.1,974,Very God
7.2,0.41,0.3,2.1,0.083,35,72,0.997,3.44,0.52,9.4,975,Average
8.4,0.59,0.29,2.6,0.109,31,119,0.99801,3.15,0.5,9.1,977,Average
7,0.4,0.32,3.6,0.061,9,29,0.99416,3.28,0.49,11.3,978,Very God
9.1,0.5,0.3,1.9,0.065,8,17,0.99774,3.32,0.71,10.5,980,Good
9.5,0.86,0.26,1.9,0.079,13,28,0.99712,3.25,0.62,10,981,Average
7.3,0.52,0.32,2.1,0.07,51,70,0.99418,3.34,0.82,12.9,982,Good
9.1,0.5,0.3,1.9,0.065,8,17,0.99774,3.32,0.71,10.5,983,Good
7.4,0.58,0,2,0.064,7,11,0.99562,3.45,0.58,11.3,985,Good
7.1,0.36,0.3,1.6,0.08,35,70,0.99693,3.44,0.5,9.4,987,Average
7.7,0.39,0.12,1.7,0.097,19,27,0.99596,3.16,0.49,9.4,988,Average
9.7,0.295,0.4,1.5,0.073,14,21,0.99556,3.14,0.51,10.9,989,Good
7.7,0.39,0.12,1.7,0.097,19,27,0.99596,3.16,0.49,9.4,990,Average
7.1,0.34,0.28,2,0.082,31,68,0.99694,3.45,0.48,9.4,991,Average
7.1,0.34,0.28,2,0.082,31,68,0.99694,3.45,0.48,9.4,993,Average
7.7,0.6,0.06,2,0.079,19,41,0.99697,3.39,0.62,10.1,995,Good
8.9,0.84,0.34,1.4,0.05,4,10,0.99554,3.12,0.48,9.1,998,Good
6.4,0.69,0,1.65,0.055,7,12,0.99162,3.47,0.53,12.9,999,Good
7.5,0.43,0.3,2.2,0.062,6,12,0.99495,3.44,0.72,11.5,1000,Very God
8.2,0.43,0.29,1.6,0.081,27,45,0.99603,3.25,0.54,10.3,1004,Average
6.8,0.36,0.32,1.8,0.067,4,8,0.9928,3.36,0.55,12.8,1005,Very God
9.1,0.29,0.33,2.05,0.063,13,27,0.99516,3.26,0.84,11.7,1006,Very God
9.1,0.3,0.34,2,0.064,12,25,0.99516,3.26,0.84,11.7,1007,Very God
8.9,0.35,0.4,3.6,0.11,12,24,0.99549,3.23,0.7,12,1008,Very God
8.9,0.28,0.45,1.7,0.067,7,12,0.99354,3.25,0.55,12.3,1010,Very God
8.9,0.32,0.31,2,0.088,12,19,0.9957,3.17,0.55,10.4,1011,Good
7.7,1.005,0.15,2.1,0.102,11,32,0.99604,3.23,0.48,10,1012,Average
7.5,0.71,0,1.6,0.092,22,31,0.99635,3.38,0.58,10,1013,Good
8,0.58,0.16,2,0.12,3,7,0.99454,3.22,0.58,11.2,1014,Good
8.9,0.38,0.4,2.2,0.068,12,28,0.99486,3.27,0.75,12.6,1016,Very God
8,0.18,0.37,0.9,0.049,36,109,0.99007,2.89,0.44,12.7,1018,Good
7,0.5,0.14,1.8,0.078,10,23,0.99636,3.53,0.61,10.4,1019,Average
11.3,0.36,0.66,2.4,0.123,3,8,0.99642,3.2,0.53,11.9,1020,Good
11.3,0.36,0.66,2.4,0.123,3,8,0.99642,3.2,0.53,11.9,1021,Good
7,0.51,0.09,2.1,0.062,4,9,0.99584,3.35,0.54,10.5,1022,Average
8.2,0.32,0.42,2.3,0.098,3,9,0.99506,3.27,0.55,12.3,1023,Good
7.7,0.58,0.01,1.8,0.088,12,18,0.99568,3.32,0.56,10.5,1024,Very God
8.6,0.83,0,2.8,0.095,17,43,0.99822,3.33,0.6,10.4,1025,Good
7.9,0.31,0.32,1.9,0.066,14,36,0.99364,3.41,0.56,12.6,1026,Good
6.4,0.795,0,2.2,0.065,28,52,0.99378,3.49,0.52,11.6,1027,Average
7.7,0.58,0.01,1.8,0.088,12,18,0.99568,3.32,0.56,10.5,1029,Very God
8.1,0.82,0,4.1,0.095,5,14,0.99854,3.36,0.53,9.6,1032,Average
8.9,0.745,0.18,2.5,0.077,15,48,0.99739,3.2,0.47,9.7,1034,Good
10.1,0.37,0.34,2.4,0.085,5,17,0.99683,3.17,0.65,10.6,1035,Very God
7.6,0.31,0.34,2.5,0.082,26,35,0.99356,3.22,0.59,12.5,1036,Very God
8.7,0.41,0.41,6.2,0.078,25,42,0.9953,3.24,0.77,12.6,1038,Very God
8.9,0.5,0.21,2.2,0.088,21,39,0.99692,3.33,0.83,11.1,1039,Good
6.9,0.49,0.19,1.7,0.079,13,26,0.99547,3.38,0.64,9.8,1041,Good
6.4,0.39,0.33,3.3,0.046,12,53,0.99294,3.36,0.62,12.2,1044,Good
6.9,0.44,0,1.4,0.07,32,38,0.99438,3.32,0.58,11.4,1045,Good
7.6,0.78,0,1.7,0.076,33,45,0.99612,3.31,0.62,10.7,1046,Good
7.1,0.43,0.17,1.8,0.082,27,51,0.99634,3.49,0.64,10.4,1047,Average
9.3,0.49,0.36,1.7,0.081,3,14,0.99702,3.27,0.78,10.9,1048,Good
9.3,0.5,0.36,1.8,0.084,6,17,0.99704,3.27,0.77,10.8,1049,Good
8.5,0.46,0.59,1.4,0.414,16,45,0.99702,3.03,1.34,9.2,1051,Average
5.6,0.605,0.05,2.4,0.073,19,25,0.99258,3.56,0.55,12.9,1052,Average
8.3,0.33,0.42,2.3,0.07,9,20,0.99426,3.38,0.77,12.7,1053,Very God
8.2,0.64,0.27,2,0.095,5,77,0.99747,3.13,0.62,9.1,1055,Good
8.9,0.48,0.53,4,0.101,3,10,0.99586,3.21,0.59,12.1,1056,Very God
7.6,0.42,0.25,3.9,0.104,28,90,0.99784,3.15,0.57,9.1,1057,Average
9.9,0.53,0.57,2.4,0.093,30,52,0.9971,3.19,0.76,11.6,1058,Very God
8.9,0.48,0.53,4,0.101,3,10,0.99586,3.21,0.59,12.1,1059,Very God
11.6,0.23,0.57,1.8,0.074,3,8,0.9981,3.14,0.7,9.9,1060,Good
9.1,0.4,0.5,1.8,0.071,7,16,0.99462,3.21,0.69,12.5,1061,Excellent
8,0.38,0.44,1.9,0.098,6,15,0.9956,3.3,0.64,11.4,1062,Good
10.2,0.29,0.65,2.4,0.075,6,17,0.99565,3.22,0.63,11.8,1063,Good
8.2,0.74,0.09,2,0.067,5,10,0.99418,3.28,0.57,11.8,1064,Good
7.7,0.61,0.18,2.4,0.083,6,20,0.9963,3.29,0.6,10.2,1065,Good
6.6,0.52,0.08,2.4,0.07,13,26,0.99358,3.4,0.72,12.5,1066,Very God
11.1,0.31,0.53,2.2,0.06,3,10,0.99572,3.02,0.83,10.9,1067,Very God
8,0.62,0.35,2.8,0.086,28,52,0.997,3.31,0.62,10.8,1069,Average
9.3,0.33,0.45,1.5,0.057,19,37,0.99498,3.18,0.89,11.1,1070,Very God
7.5,0.77,0.2,8.1,0.098,30,92,0.99892,3.2,0.58,9.2,1071,Average
8,0.62,0.33,2.7,0.088,16,37,0.9972,3.31,0.58,10.7,1073,Good
9.9,0.32,0.56,2,0.073,3,8,0.99534,3.15,0.73,11.4,1076,Good
8.6,0.37,0.65,6.4,0.08,3,8,0.99817,3.27,0.58,11,1078,Average
7.9,0.3,0.68,8.3,0.05,37.5,278,0.99316,3.01,0.51,12.3,1079,Very God
7.9,0.3,0.68,8.3,0.05,37.5,289,0.99316,3.01,0.51,12.3,1081,Very God
7.2,0.38,0.3,1.8,0.073,31,70,0.99685,3.42,0.59,9.5,1082,Good
8.7,0.42,0.45,2.4,0.072,32,59,0.99617,3.33,0.77,12,1083,Good
6.8,0.48,0.08,1.8,0.074,40,64,0.99529,3.12,0.49,9.6,1085,Average
8.5,0.34,0.4,4.7,0.055,3,9,0.99738,3.38,0.66,11.6,1086,Very God
7.9,0.19,0.42,1.6,0.057,18,30,0.994,3.29,0.69,11.2,1087,Good
11.6,0.41,0.54,1.5,0.095,22,41,0.99735,3.02,0.76,9.9,1088,Very God
11.6,0.41,0.54,1.5,0.095,22,41,0.99735,3.02,0.76,9.9,1089,Very God
10,0.26,0.54,1.9,0.083,42,74,0.99451,2.98,0.63,11.8,1090,Excellent
7.9,0.34,0.42,2,0.086,8,19,0.99546,3.35,0.6,11.4,1091,Good
7,0.54,0.09,2,0.081,10,16,0.99479,3.43,0.59,11.5,1092,Good
9.2,0.31,0.36,2.2,0.079,11,31,0.99615,3.33,0.86,12,1093,Very God
6.6,0.725,0.09,5.5,0.117,9,17,0.99655,3.35,0.49,10.8,1094,Good
6.6,0.725,0.09,5.5,0.117,9,17,0.99655,3.35,0.49,10.8,1096,Good
8.6,0.52,0.38,1.5,0.096,5,18,0.99666,3.2,0.52,9.4,1099,Average
8.4,0.34,0.42,2.1,0.072,23,36,0.99392,3.11,0.78,12.4,1100,Good
7.4,0.49,0.27,2.1,0.071,14,25,0.99388,3.35,0.63,12,1101,Good
7.4,0.49,0.27,2.1,0.071,14,25,0.99388,3.35,0.63,12,1103,Good
8,0.48,0.34,2.2,0.073,16,25,0.9936,3.28,0.66,12.4,1104,Good
6.3,0.57,0.28,2.1,0.048,13,49,0.99374,3.41,0.6,12.8,1105,Average
9.1,0.3,0.41,2,0.068,10,24,0.99523,3.27,0.85,11.7,1107,Very God
8.1,0.78,0.1,3.3,0.09,4,13,0.99855,3.36,0.49,9.5,1108,Average
10.8,0.47,0.43,2.1,0.171,27,66,0.9982,3.17,0.76,10.8,1109,Good
8.3,0.53,0,1.4,0.07,6,14,0.99593,3.25,0.64,10,1110,Good
5.4,0.42,0.27,2,0.092,23,55,0.99471,3.78,0.64,12.3,1111,Very God
7.9,0.33,0.41,1.5,0.056,6,35,0.99396,3.29,0.71,11,1112,Good
5,0.4,0.5,4.3,0.046,29,80,0.9902,3.49,0.66,13.6,1114,Good
7,0.69,0.07,2.5,0.091,15,21,0.99572,3.38,0.6,11.3,1115,Good
7,0.69,0.07,2.5,0.091,15,21,0.99572,3.38,0.6,11.3,1116,Good
7,0.69,0.07,2.5,0.091,15,21,0.99572,3.38,0.6,11.3,1117,Good
7.1,0.39,0.12,2.1,0.065,14,24,0.99252,3.3,0.53,13.3,1118,Good
5.6,0.66,0,2.5,0.066,7,15,0.99256,3.52,0.58,12.9,1119,Average
7.9,0.54,0.34,2.5,0.076,8,17,0.99235,3.2,0.72,13.1,1120,Excellent
6.3,0.47,0,1.4,0.055,27,33,0.9922,3.45,0.48,12.3,1122,Good
8.8,0.24,0.35,1.7,0.055,13,27,0.99394,3.14,0.59,11.3,1125,Very God
6.3,0.76,0,2.9,0.072,26,52,0.99379,3.51,0.6,11.5,1127,Good
10,0.43,0.33,2.7,0.095,28,89,0.9984,3.22,0.68,10,1128,Average
9.1,0.6,0,1.9,0.058,5,10,0.9977,3.18,0.63,10.4,1130,Good
7.4,0.36,0.34,1.8,0.075,18,38,0.9933,3.38,0.88,13.6,1132,Very God
7.2,0.48,0.07,5.5,0.089,10,18,0.99684,3.37,0.68,11.2,1133,Very God
8.5,0.28,0.35,1.7,0.061,6,15,0.99524,3.3,0.74,11.8,1134,Very God
8,0.25,0.43,1.7,0.067,22,50,0.9946,3.38,0.6,11.9,1135,Good
10.4,0.52,0.45,2,0.08,6,13,0.99774,3.22,0.76,11.4,1136,Good
7.5,0.41,0.15,3.7,0.104,29,94,0.99786,3.14,0.58,9.1,1138,Average
8.2,0.51,0.24,2,0.079,16,86,0.99764,3.34,0.64,9.5,1139,Good
7.3,0.4,0.3,1.7,0.08,33,79,0.9969,3.41,0.65,9.5,1140,Good
8.2,0.38,0.32,2.5,0.08,24,71,0.99624,3.27,0.85,11,1141,Good
6.9,0.45,0.11,2.4,0.043,6,12,0.99354,3.3,0.65,11.4,1142,Good
7,0.22,0.3,1.8,0.065,16,20,0.99672,3.61,0.82,10,1143,Good
7.3,0.32,0.23,2.3,0.066,35,70,0.99588,3.43,0.62,10.1,1144,Average
8.2,0.2,0.43,2.5,0.076,31,51,0.99672,3.53,0.81,10.4,1145,Good
7.8,0.5,0.12,1.8,0.178,6,21,0.996,3.28,0.87,9.8,1146,Good
10,0.41,0.45,6.2,0.071,6,14,0.99702,3.21,0.49,11.8,1147,Very God
7.8,0.39,0.42,2,0.086,9,21,0.99526,3.39,0.66,11.6,1148,Good
10,0.35,0.47,2,0.061,6,11,0.99585,3.23,0.52,12,1149,Good
6.1,0.58,0.23,2.5,0.044,16,70,0.99352,3.46,0.65,12.5,1151,Good
8.3,0.6,0.25,2.2,0.118,9,38,0.99616,3.15,0.53,9.8,1152,Average
9.6,0.42,0.35,2.1,0.083,17,38,0.99622,3.23,0.66,11.1,1153,Good
8.3,0.6,0.25,2.2,0.118,9,38,0.99616,3.15,0.53,9.8,1155,Average
8.5,0.18,0.51,1.75,0.071,45,88,0.99524,3.33,0.76,11.8,1156,Very God
5.1,0.51,0.18,2.1,0.042,16,101,0.9924,3.46,0.87,12.9,1157,Very God
8.5,0.32,0.42,2.3,0.075,12,19,0.99434,3.14,0.71,11.8,1162,Very God
9,0.785,0.24,1.7,0.078,10,21,0.99692,3.29,0.67,10,1164,Average
8.2,0.33,0.39,2.5,0.074,29,48,0.99528,3.32,0.88,12.4,1167,Very God
6.5,0.34,0.27,2.8,0.067,8,44,0.99384,3.21,0.56,12,1168,Good
7.6,0.5,0.29,2.3,0.086,5,14,0.99502,3.32,0.62,11.5,1169,Good
9.2,0.36,0.34,1.6,0.062,5,12,0.99667,3.2,0.67,10.5,1170,Good
9.7,0.42,0.46,2.1,0.074,5,16,0.99649,3.27,0.74,12.3,1172,Good
7.6,0.36,0.31,1.7,0.079,26,65,0.99716,3.46,0.62,9.5,1173,Good
7.6,0.36,0.31,1.7,0.079,26,65,0.99716,3.46,0.62,9.5,1174,Good
6.5,0.61,0,2.2,0.095,48,59,0.99541,3.61,0.7,11.5,1175,Good
6.5,0.88,0.03,5.6,0.079,23,47,0.99572,3.58,0.5,11.2,1176,Poor
5.6,0.915,0,2.1,0.041,17,78,0.99346,3.68,0.73,11.4,1178,Average
8.2,0.35,0.33,2.4,0.076,11,47,0.99599,3.27,0.81,11,1179,Good
9.8,0.39,0.43,1.65,0.068,5,11,0.99478,3.19,0.46,11.4,1181,Average
6.8,0.66,0.07,1.6,0.07,16,61,0.99572,3.29,0.6,9.3,1183,Average
6.7,0.64,0.23,2.1,0.08,11,119,0.99538,3.36,0.7,10.9,1184,Average
6.7,0.64,0.23,2.1,0.08,11,119,0.99538,3.36,0.7,10.9,1188,Average
8.8,0.955,0.05,1.8,0.075,5,19,0.99616,3.3,0.44,9.6,1189,Poor
9.1,0.4,0.57,4.6,0.08,6,20,0.99652,3.28,0.57,12.5,1190,Good
6.5,0.885,0,2.3,0.166,6,12,0.99551,3.56,0.51,10.8,1191,Average
7.2,0.25,0.37,2.5,0.063,11,41,0.99439,3.52,0.8,12.4,1192,Very God
7,0.745,0.12,1.8,0.114,15,64,0.99588,3.22,0.59,9.5,1194,Good
6.2,0.43,0.22,1.8,0.078,21,56,0.99633,3.52,0.6,9.5,1195,Good
7.7,0.57,0.21,1.5,0.069,4,9,0.99458,3.16,0.54,9.8,1197,Good
7.7,0.26,0.26,2,0.052,19,77,0.9951,3.15,0.79,10.9,1198,Good
7.9,0.58,0.23,2.3,0.076,23,94,0.99686,3.21,0.58,9.5,1199,Good
7.7,0.57,0.21,1.5,0.069,4,9,0.99458,3.16,0.54,9.8,1200,Good
7.9,0.34,0.36,1.9,0.065,5,10,0.99419,3.27,0.54,11.2,1201,Very God
8.6,0.42,0.39,1.8,0.068,6,12,0.99516,3.35,0.69,11.7,1202,Excellent
9.9,0.74,0.19,5.8,0.111,33,76,0.99878,3.14,0.55,9.4,1203,Average
7.2,0.36,0.46,2.1,0.074,24,44,0.99534,3.4,0.85,11,1204,Very God
7.2,0.36,0.46,2.1,0.074,24,44,0.99534,3.4,0.85,11,1206,Very God
9.9,0.72,0.55,1.7,0.136,24,52,0.99752,3.35,0.94,10,1207,Average
7.2,0.36,0.46,2.1,0.074,24,44,0.99534,3.4,0.85,11,1208,Very God
6.2,0.39,0.43,2,0.071,14,24,0.99428,3.45,0.87,11.2,1209,Very God
6.8,0.65,0.02,2.1,0.078,8,15,0.99498,3.35,0.62,10.4,1210,Good
6.8,0.65,0.02,2.1,0.078,8,15,0.99498,3.35,0.62,10.4,1212,Good
10.2,0.33,0.46,1.9,0.081,6,9,0.99628,3.1,0.48,10.4,1214,Good
7.9,0.57,0.31,2,0.079,10,79,0.99677,3.29,0.69,9.5,1216,Good
9,0.39,0.4,1.3,0.044,25,50,0.99478,3.2,0.83,10.9,1219,Good
10.9,0.32,0.52,1.8,0.132,17,44,0.99734,3.28,0.77,11.5,1220,Good
10.9,0.32,0.52,1.8,0.132,17,44,0.99734,3.28,0.77,11.5,1221,Good
12.6,0.39,0.49,2.5,0.08,8,20,0.9992,3.07,0.82,10.3,1224,Good
9.2,0.46,0.23,2.6,0.091,18,77,0.99922,3.15,0.51,9.4,1225,Average
7.5,0.58,0.03,4.1,0.08,27,46,0.99592,3.02,0.47,9.2,1226,Average
9,0.58,0.25,2,0.104,8,21,0.99769,3.27,0.72,9.6,1227,Average
5.1,0.42,0,1.8,0.044,18,88,0.99157,3.68,0.73,13.6,1228,Very God
7.6,0.43,0.29,2.1,0.075,19,66,0.99718,3.4,0.64,9.5,1229,Average
7.7,0.18,0.34,2.7,0.066,15,58,0.9947,3.37,0.78,11.8,1230,Good
7.8,0.815,0.01,2.6,0.074,48,90,0.99621,3.38,0.62,10.8,1231,Average
7.6,0.43,0.29,2.1,0.075,19,66,0.99718,3.4,0.64,9.5,1232,Average
7.1,0.75,0.01,2.2,0.059,11,18,0.99242,3.39,0.4,12.8,1234,Good
7.8,0.55,0,1.7,0.07,7,17,0.99659,3.26,0.64,9.4,1236,Good
7.1,0.75,0.01,2.2,0.059,11,18,0.99242,3.39,0.4,12.8,1237,Good
8.1,0.73,0,2.5,0.081,12,24,0.99798,3.38,0.46,9.6,1238,Poor
6.5,0.67,0,4.3,0.057,11,20,0.99488,3.45,0.56,11.8,1239,Poor
7.5,0.61,0.2,1.7,0.076,36,60,0.99494,3.1,0.4,9.3,1240,Average
8.3,0.56,0.22,2.4,0.082,10,86,0.9983,3.37,0.62,9.5,1243,Average
7.4,0.55,0.19,1.8,0.082,15,34,0.99655,3.49,0.68,10.5,1245,Average
7.4,0.74,0.07,1.7,0.086,15,48,0.99502,3.12,0.48,10,1246,Average
7.1,0.6,0.01,2.3,0.079,24,37,0.99514,3.4,0.61,10.9,1250,Good
7.5,0.58,0.14,2.2,0.077,27,60,0.9963,3.28,0.59,9.8,1251,Average
7.1,0.72,0,1.8,0.123,6,14,0.99627,3.45,0.58,9.8,1252,Average
7.9,0.66,0,1.4,0.096,6,13,0.99569,3.43,0.58,9.5,1253,Average
7.8,0.7,0.06,1.9,0.079,20,35,0.99628,3.4,0.69,10.9,1254,Average
7.5,0.59,0.22,1.8,0.082,43,60,0.99499,3.1,0.42,9.2,1256,Average
7,0.58,0.28,4.8,0.085,12,69,0.99633,3.32,0.7,11,1257,Good
6.8,0.64,0,2.7,0.123,15,33,0.99538,3.44,0.63,11.3,1258,Good
8.6,0.635,0.68,1.8,0.403,19,56,0.99632,3.02,1.15,9.3,1260,Average
6.3,1.02,0,2,0.083,17,24,0.99437,3.59,0.55,11.2,1261,Poor
9.8,0.45,0.38,2.5,0.081,34,66,0.99726,3.15,0.58,9.8,1262,Average
8.5,0.37,0.32,1.8,0.066,26,51,0.99456,3.38,0.72,11.8,1264,Good
7.2,0.57,0.05,2.3,0.081,16,36,0.99564,3.38,0.6,10.3,1265,Good
7.2,0.57,0.05,2.3,0.081,16,36,0.99564,3.38,0.6,10.3,1266,Good
10.4,0.43,0.5,2.3,0.068,13,19,0.996,3.1,0.87,11.4,1267,Good
6.9,0.41,0.31,2,0.079,21,51,0.99668,3.47,0.55,9.5,1268,Good
5,0.38,0.01,1.6,0.048,26,60,0.99084,3.7,0.75,14,1270,Good
7.3,0.44,0.2,1.6,0.049,24,64,0.9935,3.38,0.57,11.7,1271,Good
5.9,0.46,0,1.9,0.077,25,44,0.99385,3.5,0.53,11.2,1272,Average
7.5,0.58,0.2,2,0.073,34,44,0.99494,3.1,0.43,9.3,1273,Average
7.8,0.58,0.13,2.1,0.102,17,36,0.9944,3.24,0.53,11.2,1274,Good
8,0.715,0.22,2.3,0.075,13,81,0.99688,3.24,0.54,9.5,1275,Good
8.5,0.4,0.4,6.3,0.05,3,10,0.99566,3.28,0.56,12,1276,Poor
7,0.69,0,1.9,0.114,3,10,0.99636,3.35,0.6,9.7,1277,Good
8,0.715,0.22,2.3,0.075,13,81,0.99688,3.24,0.54,9.5,1278,Good
9.8,0.3,0.39,1.7,0.062,3,9,0.9948,3.14,0.57,11.5,1279,Very God
7.1,0.46,0.2,1.9,0.077,28,54,0.9956,3.37,0.64,10.4,1280,Good
7.1,0.46,0.2,1.9,0.077,28,54,0.9956,3.37,0.64,10.4,1281,Good
7.9,0.765,0,2,0.084,9,22,0.99619,3.33,0.68,10.9,1282,Good
8.7,0.63,0.28,2.7,0.096,17,69,0.99734,3.26,0.63,10.2,1283,Good
7,0.42,0.19,2.3,0.071,18,36,0.99476,3.39,0.56,10.9,1284,Average
11.3,0.37,0.5,1.8,0.09,20,47,0.99734,3.15,0.57,10.5,1285,Average
7,0.6,0.3,4.5,0.068,20,110,0.99914,3.3,1.17,10.2,1288,Average
7,0.6,0.3,4.5,0.068,20,110,0.99914,3.3,1.17,10.2,1289,Average
7.6,0.74,0,1.9,0.1,6,12,0.99521,3.36,0.59,11,1290,Average
8.2,0.635,0.1,2.1,0.073,25,60,0.99638,3.29,0.75,10.9,1291,Good
5.9,0.395,0.13,2.4,0.056,14,28,0.99362,3.62,0.67,12.4,1292,Good
6.6,0.63,0,4.3,0.093,51,77.5,0.99558,3.2,0.45,9.5,1296,Average
7.2,0.53,0.14,2.1,0.064,15,29,0.99323,3.35,0.61,12.1,1297,Good
5.7,0.6,0,1.4,0.063,11,18,0.99191,3.45,0.56,12.2,1298,Good
7.6,1.58,0,2.1,0.137,5,9,0.99476,3.5,0.4,10.9,1299,Very Poor
5.2,0.645,0,2.15,0.08,15,28,0.99444,3.78,0.61,12.5,1300,Good
6.7,0.86,0.07,2,0.1,20,57,0.99598,3.6,0.74,11.7,1301,Good
9.1,0.37,0.32,2.1,0.064,4,15,0.99576,3.3,0.8,11.2,1302,Good
7.6,0.79,0.21,2.3,0.087,21,68,0.9955,3.12,0.44,9.2,1304,Average
7.5,0.61,0.26,1.9,0.073,24,88,0.99612,3.3,0.53,9.8,1305,Average
9.7,0.69,0.32,2.5,0.088,22,91,0.9979,3.29,0.62,10.1,1306,Average
7,0.62,0.1,1.4,0.071,27,63,0.996,3.28,0.61,9.2,1309,Average
6.5,0.51,0.15,3,0.064,12,27,0.9929,3.33,0.59,12.8,1311,Good
8,1.18,0.21,1.9,0.083,14,41,0.99532,3.34,0.47,10.5,1312,Average
7.5,0.63,0.27,2,0.083,17,91,0.99616,3.26,0.58,9.8,1315,Good
5.4,0.74,0,1.2,0.041,16,46,0.99258,4.01,0.59,12.5,1316,Good
9.1,0.76,0.68,1.7,0.414,18,64,0.99652,2.9,1.33,9.1,1319,Good
5,0.74,0,1.2,0.041,16,46,0.99258,4.01,0.59,12.5,1321,Good
9.1,0.34,0.42,1.8,0.058,9,18,0.99392,3.18,0.55,11.4,1322,Average
6.7,0.46,0.24,1.7,0.077,18,34,0.9948,3.39,0.6,10.6,1324,Good
6.7,0.46,0.24,1.7,0.077,18,34,0.9948,3.39,0.6,10.6,1325,Good
6.7,0.46,0.24,1.7,0.077,18,34,0.9948,3.39,0.6,10.6,1326,Good
6.7,0.46,0.24,1.7,0.077,18,34,0.9948,3.39,0.6,10.6,1327,Good
6.5,0.52,0.11,1.8,0.073,13,38,0.9955,3.34,0.52,9.3,1328,Average
7.4,0.6,0.26,2.1,0.083,17,91,0.99616,3.29,0.56,9.8,1329,Good
7.4,0.6,0.26,2.1,0.083,17,91,0.99616,3.29,0.56,9.8,1330,Good
7.8,0.87,0.26,3.8,0.107,31,67,0.99668,3.26,0.46,9.2,1331,Average
8.4,0.39,0.1,1.7,0.075,6,25,0.99581,3.09,0.43,9.7,1332,Good
9.1,0.775,0.22,2.2,0.079,12,48,0.9976,3.18,0.51,9.6,1333,Average
7.2,0.835,0,2,0.166,4,11,0.99608,3.39,0.52,10,1334,Average
6.6,0.58,0.02,2.4,0.069,19,40,0.99387,3.38,0.66,12.6,1335,Good
6,0.5,0,1.4,0.057,15,26,0.99448,3.36,0.45,9.5,1336,Average
6,0.5,0,1.4,0.057,15,26,0.99448,3.36,0.45,9.5,1337,Average
6,0.5,0,1.4,0.057,15,26,0.99448,3.36,0.45,9.5,1338,Average
7.5,0.51,0.02,1.7,0.084,13,31,0.99538,3.36,0.54,10.5,1339,Good
7.5,0.51,0.02,1.7,0.084,13,31,0.99538,3.36,0.54,10.5,1340,Good
7.5,0.51,0.02,1.7,0.084,13,31,0.99538,3.36,0.54,10.5,1341,Good
7.5,0.51,0.02,1.7,0.084,13,31,0.99538,3.36,0.54,10.5,1343,Good
11.5,0.42,0.48,2.6,0.077,8,20,0.99852,3.09,0.53,11,1344,Average
8.2,0.44,0.24,2.3,0.063,10,28,0.99613,3.25,0.53,10.2,1345,Good
6.1,0.59,0.01,2.1,0.056,5,13,0.99472,3.52,0.56,11.4,1346,Average
7.2,0.655,0.03,1.8,0.078,7,12,0.99587,3.34,0.39,9.5,1347,Average
7.2,0.62,0.01,2.3,0.065,8,46,0.99332,3.32,0.51,11.8,1351,Good
7.6,0.645,0.03,1.9,0.086,14,57,0.9969,3.37,0.46,10.3,1353,Average
6.1,0.32,0.25,1.8,0.086,5,32,0.99464,3.36,0.44,10.1,1355,Average
6.1,0.34,0.25,1.8,0.084,4,28,0.99464,3.36,0.44,10.1,1356,Average
7.3,0.43,0.24,2.5,0.078,27,67,0.99648,3.6,0.59,11.1,1357,Good
7.4,0.64,0.17,5.4,0.168,52,98,0.99736,3.28,0.5,9.5,1358,Average
11.6,0.475,0.4,1.4,0.091,6,28,0.99704,3.07,0.65,10.0333333333333,1359,Good
8.3,0.85,0.14,2.5,0.093,13,54,0.99724,3.36,0.54,10.1,1361,Average
11.6,0.475,0.4,1.4,0.091,6,28,0.99704,3.07,0.65,10.0333333333333,1362,Good
7.2,0.605,0.02,1.9,0.096,10,31,0.995,3.46,0.53,11.8,1364,Good
7.3,0.74,0.08,1.7,0.094,10,45,0.99576,3.24,0.5,9.8,1366,Average
6.9,0.54,0.3,2.2,0.088,9,105,0.99725,3.25,1.18,10.5,1367,Good
8,0.77,0.32,2.1,0.079,16,74,0.99656,3.27,0.5,9.8,1368,Good
8.7,0.78,0.51,1.7,0.415,12,66,0.99623,3,1.17,9.2,1370,Average
7.5,0.58,0.56,3.1,0.153,5,14,0.99476,3.21,1.03,11.6,1371,Good
8.7,0.78,0.51,1.7,0.415,12,66,0.99623,3,1.17,9.2,1372,Average
8.2,0.885,0.2,1.4,0.086,7,31,0.9946,3.11,0.46,10,1376,Average
7.2,0.45,0.15,2,0.078,10,28,0.99609,3.29,0.51,9.9,1378,Good
7.5,0.57,0.02,2.6,0.077,11,35,0.99557,3.36,0.62,10.8,1379,Good
7.5,0.57,0.02,2.6,0.077,11,35,0.99557,3.36,0.62,10.8,1380,Good
8,0.6,0.22,2.1,0.08,25,105,0.99613,3.3,0.49,9.9,1382,Average
8,0.6,0.22,2.1,0.08,25,105,0.99613,3.3,0.49,9.9,1383,Average
7.1,0.755,0.15,1.8,0.107,20,84,0.99593,3.19,0.5,9.5,1384,Average
8,0.81,0.25,3.4,0.076,34,85,0.99668,3.19,0.42,9.2,1385,Average
7.4,0.64,0.07,1.8,0.1,8,23,0.9961,3.3,0.58,9.6,1386,Average
6.6,0.64,0.31,6.1,0.083,7,49,0.99718,3.35,0.68,10.3,1388,Average
6,0.49,0,2.3,0.068,15,33,0.99292,3.58,0.59,12.5,1390,Good
8,0.64,0.22,2.4,0.094,5,33,0.99612,3.37,0.58,11,1391,Average
7.1,0.62,0.06,1.3,0.07,5,12,0.9942,3.17,0.48,9.8,1392,Average
8,0.52,0.25,2,0.078,19,59,0.99612,3.3,0.48,10.2,1393,Average
8.6,0.685,0.1,1.6,0.092,3,12,0.99745,3.31,0.65,9.55,1395,Good
8.7,0.675,0.1,1.6,0.09,4,11,0.99745,3.31,0.65,9.55,1396,Average
7.3,0.59,0.26,2,0.08,17,104,0.99584,3.28,0.52,9.9,1397,Average
7.2,0.67,0,2.2,0.068,10,24,0.9956,3.42,0.72,11.1,1399,Good
7.9,0.69,0.21,2.1,0.08,33,141,0.9962,3.25,0.51,9.9,1400,Average
7.6,0.3,0.42,2,0.052,6,24,0.9963,3.44,0.82,11.9,1402,Good
7.2,0.33,0.33,1.7,0.061,3,13,0.996,3.23,1.1,10,1403,Excellent
8,0.5,0.39,2.6,0.082,12,46,0.9985,3.43,0.62,10.7,1404,Good
8.2,0.24,0.34,5.1,0.062,8,22,0.9974,3.22,0.94,10.9,1406,Good
6,0.51,0,2.1,0.064,40,54,0.995,3.54,0.93,10.7,1407,Good
8.1,0.29,0.36,2.2,0.048,35,53,0.995,3.27,1.01,12.4,1408,Very God
6,0.51,0,2.1,0.064,40,54,0.995,3.54,0.93,10.7,1409,Good
6.6,0.96,0,1.8,0.082,5,16,0.9936,3.5,0.44,11.9,1410,Good
6.4,0.47,0.4,2.4,0.071,8,19,0.9963,3.56,0.73,10.6,1411,Good
8.2,0.24,0.34,5.1,0.062,8,22,0.9974,3.22,0.94,10.9,1412,Good
9.9,0.57,0.25,2,0.104,12,89,0.9963,3.04,0.9,10.1,1413,Average
10,0.32,0.59,2.2,0.077,3,15,0.9994,3.2,0.78,9.6,1414,Average
6.2,0.58,0,1.6,0.065,8,18,0.9966,3.56,0.84,9.4,1415,Average
10,0.32,0.59,2.2,0.077,3,15,0.9994,3.2,0.78,9.6,1416,Average
7.3,0.34,0.33,2.5,0.064,21,37,0.9952,3.35,0.77,12.1,1417,Very God
7.8,0.53,0.01,1.6,0.077,3,19,0.995,3.16,0.46,9.8,1418,Average
7.7,0.64,0.21,2.2,0.077,32,133,0.9956,3.27,0.45,9.9,1419,Average
7.8,0.53,0.01,1.6,0.077,3,19,0.995,3.16,0.46,9.8,1420,Average
7.5,0.4,0.18,1.6,0.079,24,58,0.9965,3.34,0.58,9.4,1421,Average
7,0.54,0,2.1,0.079,39,55,0.9956,3.39,0.84,11.4,1422,Good
6.4,0.53,0.09,3.9,0.123,14,31,0.9968,3.5,0.67,11,1423,Poor
7.6,0.41,0.33,2.5,0.078,6,23,0.9957,3.3,0.58,11.2,1427,Average
7.8,0.64,0,1.9,0.072,27,55,0.9962,3.31,0.63,11,1428,Average
7.9,0.18,0.4,2.2,0.049,38,67,0.996,3.33,0.93,11.3,1429,Average
7.4,0.41,0.24,1.8,0.066,18,47,0.9956,3.37,0.62,10.4,1430,Average
7.6,0.43,0.31,2.1,0.069,13,74,0.9958,3.26,0.54,9.9,1431,Good
6.1,0.4,0.16,1.8,0.069,11,25,0.9955,3.42,0.74,10.1,1433,Very God
10.2,0.54,0.37,15.4,0.214,55,95,1.00369,3.18,0.77,9,1434,Good
10,0.38,0.38,1.6,0.169,27,90,0.99914,3.15,0.65,8.5,1436,Average
6.8,0.915,0.29,4.8,0.07,15,39,0.99577,3.53,0.54,11.1,1437,Average
7,0.59,0,1.7,0.052,3,8,0.996,3.41,0.47,10.3,1438,Average
7.3,0.67,0.02,2.2,0.072,31,92,0.99566,3.32,0.68,11.0666666666667,1439,Good
6.9,0.58,0.2,1.75,0.058,8,22,0.99322,3.38,0.49,11.7,1443,Average
7.4,0.785,0.19,5.2,0.094,19,98,0.99713,3.16,0.52,9.6,1445,Good
6.8,0.67,0,1.9,0.08,22,39,0.99701,3.4,0.74,9.7,1447,Average
7.2,0.38,0.31,2,0.056,15,29,0.99472,3.23,0.76,11.3,1449,Excellent
7.2,0.37,0.32,2,0.062,15,28,0.9947,3.23,0.73,11.3,1450,Very God
7.8,0.32,0.44,2.7,0.104,8,17,0.99732,3.33,0.78,11,1451,Very God
6.6,0.58,0.02,2,0.062,37,53,0.99374,3.35,0.76,11.6,1452,Very God
11.7,0.45,0.63,2.2,0.073,7,23,0.99974,3.21,0.69,10.9,1454,Good
6.5,0.9,0,1.6,0.052,9,17,0.99467,3.5,0.63,10.9,1455,Good
7.6,0.49,0.33,1.9,0.074,27,85,0.99706,3.41,0.58,9,1457,Average
8.4,0.29,0.4,1.7,0.067,8,20,0.99603,3.39,0.6,10.5,1458,Average
7.9,0.2,0.35,1.7,0.054,7,15,0.99458,3.32,0.8,11.9,1459,Very God
6.4,0.42,0.09,2.3,0.054,34,64,0.99724,3.41,0.68,10.4,1460,Good
6.2,0.785,0,2.1,0.06,6,13,0.99664,3.59,0.61,10,1461,Poor
6.9,0.63,0.01,2.4,0.076,14,39,0.99522,3.34,0.53,10.8,1463,Good
6.8,0.59,0.1,1.7,0.063,34,53,0.9958,3.41,0.67,9.7,1464,Average
7.3,0.48,0.32,2.1,0.062,31,54,0.99728,3.3,0.65,10,1466,Very God
6.7,1.04,0.08,2.3,0.067,19,32,0.99648,3.52,0.57,11,1467,Poor
7.3,0.48,0.32,2.1,0.062,31,54,0.99728,3.3,0.65,10,1468,Very God
7.3,0.98,0.05,2.1,0.061,20,49,0.99705,3.31,0.55,9.7,1469,Very Poor
10,0.69,0.11,1.4,0.084,8,24,0.99578,2.88,0.47,9.7,1470,Average
6.7,0.7,0.08,3.75,0.067,8,16,0.99334,3.43,0.52,12.6,1471,Average
7.6,0.35,0.6,2.6,0.073,23,44,0.99656,3.38,0.79,11.1,1472,Good
6.1,0.6,0.08,1.8,0.071,14,45,0.99336,3.38,0.54,11,1473,Average
9.9,0.5,0.5,13.8,0.205,48,82,1.00242,3.16,0.75,8.8,1474,Average
5.3,0.47,0.11,2.2,0.048,16,89,0.99182,3.54,0.88,13.5666666666667,1475,Very God
9.9,0.5,0.5,13.8,0.205,48,82,1.00242,3.16,0.75,8.8,1476,Average
5.3,0.47,0.11,2.2,0.048,16,89,0.99182,3.54,0.88,13.6,1477,Very God
7.1,0.875,0.05,5.7,0.082,3,14,0.99808,3.4,0.52,10.2,1478,Very Poor
8.2,0.28,0.6,3,0.104,10,22,0.99828,3.39,0.68,10.6,1479,Average
5.6,0.62,0.03,1.5,0.08,6,13,0.99498,3.66,0.62,10.1,1480,Poor
8.2,0.28,0.6,3,0.104,10,22,0.99828,3.39,0.68,10.6,1481,Average
8.1,0.33,0.44,1.5,0.042,6,12,0.99542,3.35,0.61,10.7,1483,Average
7,0.655,0.16,2.1,0.074,8,25,0.99606,3.37,0.55,9.7,1485,Average
6.8,0.68,0.21,2.1,0.07,9,23,0.99546,3.38,0.6,10.3,1486,Average
6,0.64,0.05,1.9,0.066,9,17,0.99496,3.52,0.78,10.6,1487,Average
5.6,0.54,0.04,1.7,0.049,5,13,0.9942,3.72,0.58,11.4,1488,Average
7.1,0.22,0.49,1.8,0.039,8,18,0.99344,3.39,0.56,12.4,1490,Good
6.2,0.65,0.06,1.6,0.05,6,18,0.99348,3.57,0.54,11.95,1492,Average
7.7,0.54,0.26,1.9,0.089,23,147,0.99636,3.26,0.59,9.7,1493,Average
6.4,0.31,0.09,1.4,0.066,15,28,0.99459,3.42,0.7,10,1494,Very God
7,0.43,0.02,1.9,0.08,15,28,0.99492,3.35,0.81,10.6,1495,Good
6.9,0.74,0.03,2.3,0.054,7,16,0.99508,3.45,0.63,11.5,1497,Good
6.9,0.74,0.03,2.3,0.054,7,16,0.99508,3.45,0.63,11.5,1499,Good
7.8,0.82,0.29,4.3,0.083,21,64,0.99642,3.16,0.53,9.4,1501,Average
6.2,0.44,0.39,2.5,0.077,6,14,0.99555,3.51,0.69,11,1503,Good
7.5,0.38,0.57,2.3,0.106,5,12,0.99605,3.36,0.55,11.4,1504,Good
6.7,0.76,0.02,1.8,0.078,6,12,0.996,3.55,0.63,9.95,1505,Very Poor
6.8,0.81,0.05,2,0.07,6,14,0.99562,3.51,0.66,10.8,1506,Good
7.5,0.38,0.57,2.3,0.106,5,12,0.99605,3.36,0.55,11.4,1507,Good
7.1,0.27,0.6,2.1,0.074,17,25,0.99814,3.38,0.72,10.6,1508,Good
7.9,0.18,0.4,1.8,0.062,7,20,0.9941,3.28,0.7,11.1,1509,Average
6.4,0.36,0.21,2.2,0.047,26,48,0.99661,3.47,0.77,9.7,1510,Good
7.1,0.69,0.04,2.1,0.068,19,27,0.99712,3.44,0.67,9.8,1511,Average
6.9,0.84,0.21,4.1,0.074,16,65,0.99842,3.53,0.72,9.23333333333333,1514,Good
6.9,0.84,0.21,4.1,0.074,16,65,0.99842,3.53,0.72,9.25,1515,Good
6.5,0.53,0.06,2,0.063,29,44,0.99489,3.38,0.83,10.3,1517,Good
7.4,0.47,0.46,2.2,0.114,7,20,0.99647,3.32,0.63,10.5,1518,Average
6.6,0.7,0.08,2.6,0.106,14,27,0.99665,3.44,0.58,10.2,1519,Average
6.1,0.32,0.25,2.3,0.071,23,58,0.99633,3.42,0.97,10.6,1522,Average
6.8,0.48,0.25,2,0.076,29,61,0.9953,3.34,0.6,10.4,1523,Average
6.7,0.48,0.08,2.1,0.064,18,34,0.99552,3.33,0.64,9.7,1525,Average
6.8,0.47,0.08,2.2,0.064,18,38,0.99553,3.3,0.65,9.6,1526,Good
7.9,0.29,0.49,2.2,0.096,21,59,0.99714,3.31,0.67,10.1,1528,Good
7.1,0.69,0.08,2.1,0.063,42,52,0.99608,3.42,0.6,10.2,1529,Good
6.6,0.44,0.09,2.2,0.063,9,18,0.99444,3.42,0.69,11.3,1530,Good
6.1,0.705,0.1,2.8,0.081,13,28,0.99631,3.6,0.66,10.2,1531,Average
7.2,0.53,0.13,2,0.058,18,22,0.99573,3.21,0.68,9.9,1532,Good
8,0.39,0.3,1.9,0.074,32,84,0.99717,3.39,0.61,9,1533,Average
6.6,0.56,0.14,2.4,0.064,13,29,0.99397,3.42,0.62,11.7,1534,Very God
7,0.55,0.13,2.2,0.075,15,35,0.9959,3.36,0.59,9.7,1535,Good
6.2,0.64,0.09,2.5,0.081,15,26,0.99538,3.57,0.63,12,1538,Average
6.2,0.52,0.08,4.4,0.071,11,32,0.99646,3.56,0.63,11.6,1540,Good
8.4,0.37,0.43,2.3,0.063,12,19,0.9955,3.17,0.81,11.2,1544,Very God
6.5,0.63,0.33,1.8,0.059,16,28,0.99531,3.36,0.64,10.1,1545,Good
7,0.57,0.02,2,0.072,17,26,0.99575,3.36,0.61,10.2,1546,Average
11.2,0.4,0.5,2,0.099,19,50,0.99783,3.1,0.58,10.4,1548,Average
7.4,0.36,0.3,1.8,0.074,17,24,0.99419,3.24,0.7,11.4,1549,Excellent
7.1,0.67,0,2.3,0.083,18,27,0.99768,3.44,0.54,9.4,1551,Average
6.3,0.68,0.01,3.7,0.103,32,54,0.99586,3.51,0.66,11.3,1552,Good
7.3,0.735,0,2.2,0.08,18,28,0.99765,3.41,0.6,9.4,1553,Average
7,0.56,0.17,1.7,0.065,15,24,0.99514,3.44,0.68,10.55,1555,Very God
6.6,0.88,0.04,2.2,0.066,12,20,0.99636,3.53,0.56,9.9,1556,Average
6.6,0.855,0.02,2.4,0.062,15,23,0.99627,3.54,0.6,11,1557,Good
6.9,0.63,0.33,6.7,0.235,66,115,0.99787,3.22,0.56,9.5,1558,Average
7.8,0.6,0.26,2,0.08,31,131,0.99622,3.21,0.52,9.9,1559,Average
7.8,0.6,0.26,2,0.08,31,131,0.99622,3.21,0.52,9.9,1560,Average
7.8,0.6,0.26,2,0.08,31,131,0.99622,3.21,0.52,9.9,1561,Average
7.2,0.695,0.13,2,0.076,12,20,0.99546,3.29,0.54,10.1,1562,Average
7.2,0.695,0.13,2,0.076,12,20,0.99546,3.29,0.54,10.1,1563,Average
6.7,0.67,0.02,1.9,0.061,26,42,0.99489,3.39,0.82,10.9,1565,Good
6.7,0.16,0.64,2.1,0.059,24,52,0.99494,3.34,0.71,11.2,1566,Good
7.2,0.695,0.13,2,0.076,12,20,0.99546,3.29,0.54,10.1,1567,Average
7,0.56,0.13,1.6,0.077,25,42,0.99629,3.34,0.59,9.2,1568,Average
6.2,0.51,0.14,1.9,0.056,15,34,0.99396,3.48,0.57,11.5,1569,Good
6.4,0.36,0.53,2.2,0.23,19,35,0.9934,3.37,0.93,12.4,1570,Good
6.4,0.38,0.14,2.2,0.038,15,25,0.99514,3.44,0.65,11.1,1571,Good
7.3,0.69,0.32,2.2,0.069,35,104,0.99632,3.33,0.51,9.5,1572,Average
6,0.58,0.2,2.4,0.075,15,50,0.99467,3.58,0.67,12.5,1573,Good
7.5,0.52,0.4,2.2,0.06,12,20,0.99474,3.26,0.64,11.8,1575,Good
8,0.3,0.63,1.6,0.081,16,29,0.99588,3.3,0.78,10.8,1576,Good
6.2,0.7,0.15,5.1,0.076,13,27,0.99622,3.54,0.6,11.9,1577,Good
6.8,0.67,0.15,1.8,0.118,13,20,0.9954,3.42,0.67,11.3,1578,Good
7.4,0.35,0.33,2.4,0.068,9,26,0.9947,3.36,0.6,11.9,1580,Good
6.1,0.715,0.1,2.6,0.053,13,27,0.99362,3.57,0.5,11.9,1582,Average
6.2,0.46,0.29,2.1,0.074,32,98,0.99578,3.33,0.62,9.8,1583,Average
6.7,0.32,0.44,2.4,0.061,24,34,0.99484,3.29,0.8,11.6,1584,Very God
7.5,0.31,0.41,2.4,0.065,34,60,0.99492,3.34,0.85,11.4,1586,Good
5.8,0.61,0.11,1.8,0.066,18,28,0.99483,3.55,0.66,10.9,1587,Good
6.3,0.55,0.15,1.8,0.077,26,35,0.99314,3.32,0.82,11.6,1590,Good
5.4,0.74,0.09,1.7,0.089,16,26,0.99402,3.67,0.56,11.6,1591,Good
6.3,0.51,0.13,2.3,0.076,29,40,0.99574,3.42,0.75,11,1592,Good
6.8,0.62,0.08,1.9,0.068,28,38,0.99651,3.42,0.82,9.5,1593,Good
6.2,0.6,0.08,2,0.09,32,44,0.9949,3.45,0.58,10.5,1594,Average
5.9,0.55,0.1,2.2,0.062,39,51,0.99512,3.52,0.76,11.2,1595,Good
5.9,0.645,0.12,2,0.075,32,44,0.99547,3.57,0.71,10.2,1597,Average
